-- GRM Portal canonical database baseline
-- Contains schema and safe reference data only; no operational or personal data.
SET NAMES utf8mb4;
SET @GRM_OLD_FOREIGN_KEY_CHECKS = @@FOREIGN_KEY_CHECKS;
SET FOREIGN_KEY_CHECKS = 0;

-- Table: background_job_leases
CREATE TABLE IF NOT EXISTS `background_job_leases` (
  `lease_key` varchar(100) NOT NULL,
  `lease_owner` char(36) NOT NULL,
  `locked_until` datetime NOT NULL,
  `updated_at` timestamp NOT NULL DEFAULT current_timestamp() ON UPDATE current_timestamp(),
  PRIMARY KEY (`lease_key`)
) ENGINE=InnoDB DEFAULT CHARSET=utf8mb4 COLLATE=utf8mb4_unicode_ci;

-- Table: complaint_categories
CREATE TABLE IF NOT EXISTS `complaint_categories` (
  `id` int(10) unsigned NOT NULL AUTO_INCREMENT,
  `code` varchar(40) NOT NULL,
  `name` varchar(160) NOT NULL,
  `is_active` tinyint(1) NOT NULL DEFAULT 1,
  `created_at` timestamp NOT NULL DEFAULT current_timestamp(),
  `updated_at` timestamp NULL DEFAULT NULL ON UPDATE current_timestamp(),
  PRIMARY KEY (`id`),
  UNIQUE KEY `unique_complaint_category_code` (`code`)
) ENGINE=InnoDB DEFAULT CHARSET=utf8mb4 COLLATE=utf8mb4_unicode_ci;

-- Table: complaint_intake_classifications
CREATE TABLE IF NOT EXISTS `complaint_intake_classifications` (
  `id` smallint(5) unsigned NOT NULL AUTO_INCREMENT,
  `classification_key` varchar(50) NOT NULL,
  `name` varchar(80) NOT NULL,
  `help_text` varchar(255) DEFAULT NULL,
  `sort_order` smallint(5) unsigned NOT NULL DEFAULT 100,
  `is_active` tinyint(1) NOT NULL DEFAULT 1,
  `created_at` timestamp NOT NULL DEFAULT current_timestamp(),
  `updated_at` timestamp NULL DEFAULT NULL ON UPDATE current_timestamp(),
  PRIMARY KEY (`id`),
  UNIQUE KEY `unique_intake_classification_key` (`classification_key`),
  UNIQUE KEY `unique_intake_classification_name` (`name`),
  KEY `index_intake_classification_active` (`is_active`,`sort_order`)
) ENGINE=InnoDB DEFAULT CHARSET=utf8mb4 COLLATE=utf8mb4_unicode_ci;

-- Table: complaint_locations
CREATE TABLE IF NOT EXISTS `complaint_locations` (
  `id` int(10) unsigned NOT NULL AUTO_INCREMENT,
  `code` varchar(40) NOT NULL,
  `name` varchar(160) NOT NULL,
  `is_active` tinyint(1) NOT NULL DEFAULT 1,
  `created_at` timestamp NOT NULL DEFAULT current_timestamp(),
  `updated_at` timestamp NULL DEFAULT NULL ON UPDATE current_timestamp(),
  PRIMARY KEY (`id`),
  UNIQUE KEY `unique_complaint_location_code` (`code`)
) ENGINE=InnoDB DEFAULT CHARSET=utf8mb4 COLLATE=utf8mb4_unicode_ci;

-- Table: complaint_priorities
CREATE TABLE IF NOT EXISTS `complaint_priorities` (
  `id` smallint(5) unsigned NOT NULL AUTO_INCREMENT,
  `priority_key` varchar(50) NOT NULL,
  `name` varchar(80) NOT NULL,
  `is_high_priority` tinyint(1) NOT NULL DEFAULT 0,
  `is_system` tinyint(1) NOT NULL DEFAULT 0,
  `sort_order` smallint(5) unsigned NOT NULL DEFAULT 0,
  `is_active` tinyint(1) NOT NULL DEFAULT 1,
  `updated_at` timestamp NULL DEFAULT NULL ON UPDATE current_timestamp(),
  PRIMARY KEY (`id`),
  UNIQUE KEY `unique_complaint_priority_key` (`priority_key`),
  UNIQUE KEY `unique_complaint_priority_name` (`name`)
) ENGINE=InnoDB DEFAULT CHARSET=utf8mb4 COLLATE=utf8mb4_unicode_ci;

-- Table: complaint_reference_sequences
CREATE TABLE IF NOT EXISTS `complaint_reference_sequences` (
  `period` char(7) NOT NULL,
  `last_number` int(10) unsigned NOT NULL DEFAULT 0,
  `updated_at` timestamp NOT NULL DEFAULT current_timestamp() ON UPDATE current_timestamp(),
  PRIMARY KEY (`period`)
) ENGINE=InnoDB DEFAULT CHARSET=utf8mb4 COLLATE=utf8mb4_unicode_ci;

-- Table: complaint_statuses
CREATE TABLE IF NOT EXISTS `complaint_statuses` (
  `id` smallint(5) unsigned NOT NULL AUTO_INCREMENT,
  `status_key` varchar(50) NOT NULL,
  `name` varchar(80) NOT NULL,
  `reporting_group` enum('open','resolved','closed','rejected','duplicate','other') NOT NULL DEFAULT 'open',
  `notification_event` enum('status_change','resolution','closure','returned') NOT NULL DEFAULT 'status_change',
  `is_final` tinyint(1) NOT NULL DEFAULT 0,
  `is_system` tinyint(1) NOT NULL DEFAULT 0,
  `is_active` tinyint(1) NOT NULL DEFAULT 1,
  `sort_order` smallint(5) unsigned NOT NULL DEFAULT 0,
  `updated_at` timestamp NULL DEFAULT NULL ON UPDATE current_timestamp(),
  PRIMARY KEY (`id`),
  UNIQUE KEY `unique_complaint_status_key` (`status_key`),
  UNIQUE KEY `unique_complaint_status_name` (`name`)
) ENGINE=InnoDB DEFAULT CHARSET=utf8mb4 COLLATE=utf8mb4_unicode_ci;

-- Table: departments
CREATE TABLE IF NOT EXISTS `departments` (
  `id` int(10) unsigned NOT NULL AUTO_INCREMENT,
  `name` varchar(160) NOT NULL,
  `public_display_name` varchar(160) DEFAULT NULL,
  `public_address` varchar(500) DEFAULT NULL,
  `public_summary` text DEFAULT NULL,
  `public_icon_key` varchar(40) DEFAULT NULL,
  `public_sort_order` int(11) NOT NULL DEFAULT 100,
  `show_in_public_directory` tinyint(1) NOT NULL DEFAULT 0,
  `slug` varchar(160) NOT NULL,
  `code` varchar(20) DEFAULT NULL,
  `is_active` tinyint(1) NOT NULL DEFAULT 1,
  `created_at` timestamp NOT NULL DEFAULT current_timestamp(),
  `updated_at` timestamp NULL DEFAULT NULL ON UPDATE current_timestamp(),
  PRIMARY KEY (`id`),
  UNIQUE KEY `unique_departments_name` (`name`),
  UNIQUE KEY `unique_departments_slug` (`slug`),
  UNIQUE KEY `unique_departments_code` (`code`),
  UNIQUE KEY `unique_department_code` (`code`)
) ENGINE=InnoDB DEFAULT CHARSET=utf8mb4 COLLATE=utf8mb4_unicode_ci;

-- Table: grievance_form_options
CREATE TABLE IF NOT EXISTS `grievance_form_options` (
  `id` int(10) unsigned NOT NULL AUTO_INCREMENT,
  `option_group` enum('assistance','submission_channel','accommodation','contact_preference') NOT NULL,
  `option_key` varchar(80) NOT NULL,
  `display_label` varchar(160) NOT NULL,
  `help_text` varchar(255) DEFAULT NULL,
  `contact_requirement` enum('none','phone','email','address') NOT NULL DEFAULT 'none',
  `sort_order` smallint(5) unsigned NOT NULL DEFAULT 0,
  `is_active` tinyint(1) NOT NULL DEFAULT 1,
  `created_at` timestamp NOT NULL DEFAULT current_timestamp(),
  `updated_at` timestamp NULL DEFAULT NULL ON UPDATE current_timestamp(),
  PRIMARY KEY (`id`),
  UNIQUE KEY `unique_grievance_form_option` (`option_group`,`option_key`),
  KEY `index_grievance_form_options_active` (`option_group`,`is_active`,`sort_order`)
) ENGINE=InnoDB DEFAULT CHARSET=utf8mb4 COLLATE=utf8mb4_unicode_ci;

-- Table: notification_templates
CREATE TABLE IF NOT EXISTS `notification_templates` (
  `id` int(10) unsigned NOT NULL AUTO_INCREMENT,
  `event_type` varchar(60) NOT NULL,
  `channel` enum('email','dashboard') NOT NULL,
  `name` varchar(160) NOT NULL,
  `subject_template` varchar(255) DEFAULT NULL,
  `body_template` text NOT NULL,
  `is_active` tinyint(1) NOT NULL DEFAULT 1,
  `created_at` timestamp NOT NULL DEFAULT current_timestamp(),
  `updated_at` timestamp NULL DEFAULT NULL ON UPDATE current_timestamp(),
  PRIMARY KEY (`id`),
  UNIQUE KEY `unique_notification_template_event_channel` (`event_type`,`channel`)
) ENGINE=InnoDB DEFAULT CHARSET=utf8mb4 COLLATE=utf8mb4_unicode_ci;

-- Table: permissions
CREATE TABLE IF NOT EXISTS `permissions` (
  `id` int(11) NOT NULL AUTO_INCREMENT,
  `module` varchar(100) NOT NULL,
  `action` varchar(100) NOT NULL,
  `permission_key` varchar(150) NOT NULL,
  `description` varchar(255) DEFAULT NULL,
  `is_active` tinyint(4) DEFAULT 1,
  `created_at` timestamp NOT NULL DEFAULT current_timestamp(),
  PRIMARY KEY (`id`),
  UNIQUE KEY `permission_key` (`permission_key`)
) ENGINE=InnoDB DEFAULT CHARSET=utf8mb4 COLLATE=utf8mb4_unicode_ci;

-- Table: public_holidays
CREATE TABLE IF NOT EXISTS `public_holidays` (
  `id` int(10) unsigned NOT NULL AUTO_INCREMENT,
  `holiday_date` date NOT NULL,
  `name` varchar(160) NOT NULL,
  `is_active` tinyint(1) NOT NULL DEFAULT 1,
  `created_at` timestamp NOT NULL DEFAULT current_timestamp(),
  `updated_at` timestamp NULL DEFAULT NULL ON UPDATE current_timestamp(),
  PRIMARY KEY (`id`),
  UNIQUE KEY `unique_public_holiday_date` (`holiday_date`)
) ENGINE=InnoDB DEFAULT CHARSET=utf8mb4 COLLATE=utf8mb4_unicode_ci;

-- Table: public_social_links
CREATE TABLE IF NOT EXISTS `public_social_links` (
  `id` bigint(20) unsigned NOT NULL AUTO_INCREMENT,
  `platform_key` varchar(40) NOT NULL,
  `label` varchar(80) NOT NULL,
  `url` varchar(500) DEFAULT NULL,
  `sort_order` int(11) NOT NULL DEFAULT 100,
  `is_active` tinyint(1) NOT NULL DEFAULT 0,
  `created_at` timestamp NOT NULL DEFAULT current_timestamp(),
  `updated_at` timestamp NULL DEFAULT NULL ON UPDATE current_timestamp(),
  PRIMARY KEY (`id`),
  UNIQUE KEY `unique_social_platform` (`platform_key`)
) ENGINE=InnoDB DEFAULT CHARSET=utf8mb4 COLLATE=utf8mb4_unicode_ci;

-- Table: roles
CREATE TABLE IF NOT EXISTS `roles` (
  `id` int(11) NOT NULL AUTO_INCREMENT,
  `name` varchar(100) NOT NULL,
  `slug` varchar(100) NOT NULL,
  `is_active` tinyint(4) DEFAULT 1,
  `created_at` timestamp NOT NULL DEFAULT current_timestamp(),
  PRIMARY KEY (`id`),
  UNIQUE KEY `slug` (`slug`)
) ENGINE=InnoDB DEFAULT CHARSET=utf8mb4 COLLATE=utf8mb4_unicode_ci;

-- Table: schema_migrations
CREATE TABLE IF NOT EXISTS `schema_migrations` (
  `migration_key` varchar(190) NOT NULL,
  `applied_at` timestamp NOT NULL DEFAULT current_timestamp(),
  PRIMARY KEY (`migration_key`)
) ENGINE=InnoDB DEFAULT CHARSET=utf8mb4 COLLATE=utf8mb4_unicode_ci;

-- Table: system_settings
CREATE TABLE IF NOT EXISTS `system_settings` (
  `id` bigint(20) unsigned NOT NULL AUTO_INCREMENT,
  `setting_group` varchar(100) NOT NULL,
  `setting_key` varchar(150) NOT NULL,
  `setting_value` longtext DEFAULT NULL,
  `value_type` enum('string','number','boolean','json','file','email','url') NOT NULL DEFAULT 'string',
  `is_public` tinyint(1) NOT NULL DEFAULT 0,
  `is_encrypted` tinyint(1) NOT NULL DEFAULT 0,
  `created_by` int(10) unsigned DEFAULT NULL,
  `updated_by` int(10) unsigned DEFAULT NULL,
  `created_at` timestamp NULL DEFAULT current_timestamp(),
  `updated_at` timestamp NULL DEFAULT current_timestamp() ON UPDATE current_timestamp(),
  PRIMARY KEY (`id`),
  UNIQUE KEY `unique_setting_key` (`setting_key`),
  KEY `index_system_settings_group` (`setting_group`),
  KEY `index_system_settings_updated_by` (`updated_by`)
) ENGINE=InnoDB DEFAULT CHARSET=utf8mb4 COLLATE=utf8mb4_unicode_ci;

-- Table: ticket_number_setting_logs
CREATE TABLE IF NOT EXISTS `ticket_number_setting_logs` (
  `id` bigint(20) unsigned NOT NULL AUTO_INCREMENT,
  `setting_key` varchar(150) NOT NULL,
  `old_value` longtext DEFAULT NULL,
  `new_value` longtext DEFAULT NULL,
  `changed_by` int(10) unsigned NOT NULL,
  `change_type` enum('settings_update','sequence_reset','format_change') NOT NULL,
  `reason` varchar(500) DEFAULT NULL,
  `ip_address` varchar(45) DEFAULT NULL,
  `user_agent` text DEFAULT NULL,
  `created_at` timestamp NOT NULL DEFAULT current_timestamp(),
  PRIMARY KEY (`id`),
  KEY `idx_ticket_log_setting_key` (`setting_key`),
  KEY `idx_ticket_log_changed_by` (`changed_by`),
  KEY `idx_ticket_log_change_type` (`change_type`),
  KEY `idx_ticket_log_created_at` (`created_at`)
) ENGINE=InnoDB DEFAULT CHARSET=utf8mb4 COLLATE=utf8mb4_unicode_ci;

-- Table: ticket_number_settings
CREATE TABLE IF NOT EXISTS `ticket_number_settings` (
  `id` bigint(20) unsigned NOT NULL AUTO_INCREMENT,
  `auto_generate` tinyint(1) NOT NULL DEFAULT 1,
  `ticket_prefix` varchar(20) NOT NULL DEFAULT 'GRM',
  `ticket_format` varchar(255) NOT NULL DEFAULT '{PREFIX}-{YEAR}-{SEQUENCE}',
  `separator` varchar(3) NOT NULL DEFAULT '-',
  `letter_case` enum('uppercase','lowercase','preserve') NOT NULL DEFAULT 'uppercase',
  `include_year` tinyint(1) NOT NULL DEFAULT 1,
  `year_format` enum('four_digit','two_digit') NOT NULL DEFAULT 'four_digit',
  `include_month` tinyint(1) NOT NULL DEFAULT 0,
  `include_day` tinyint(1) NOT NULL DEFAULT 0,
  `include_department_code` tinyint(1) NOT NULL DEFAULT 0,
  `include_location_code` tinyint(1) NOT NULL DEFAULT 0,
  `include_category_code` tinyint(1) NOT NULL DEFAULT 0,
  `sequence_length` int(10) unsigned NOT NULL DEFAULT 6,
  `starting_sequence` bigint(20) unsigned NOT NULL DEFAULT 1,
  `sequence_reset` enum('never','daily','monthly','yearly') NOT NULL DEFAULT 'yearly',
  `sequence_padding` tinyint(1) NOT NULL DEFAULT 1,
  `updated_by` int(10) unsigned DEFAULT NULL,
  `created_at` timestamp NOT NULL DEFAULT current_timestamp(),
  `updated_at` timestamp NOT NULL DEFAULT current_timestamp() ON UPDATE current_timestamp(),
  PRIMARY KEY (`id`),
  KEY `index_ticket_settings_updated_by` (`updated_by`)
) ENGINE=InnoDB DEFAULT CHARSET=utf8mb4 COLLATE=utf8mb4_unicode_ci;

-- Table: ticket_sequences
CREATE TABLE IF NOT EXISTS `ticket_sequences` (
  `id` bigint(20) unsigned NOT NULL AUTO_INCREMENT,
  `sequence_key` varchar(150) NOT NULL,
  `current_sequence` bigint(20) unsigned NOT NULL DEFAULT 0,
  `period_start` date DEFAULT NULL,
  `period_end` date DEFAULT NULL,
  `last_generated_ticket` varchar(255) DEFAULT NULL,
  `last_generated_at` timestamp NULL DEFAULT NULL,
  `created_at` timestamp NOT NULL DEFAULT current_timestamp(),
  `updated_at` timestamp NOT NULL DEFAULT current_timestamp() ON UPDATE current_timestamp(),
  PRIMARY KEY (`id`),
  UNIQUE KEY `unique_sequence_key` (`sequence_key`)
) ENGINE=InnoDB DEFAULT CHARSET=utf8mb4 COLLATE=utf8mb4_unicode_ci;

-- Table: admin_users
CREATE TABLE IF NOT EXISTS `admin_users` (
  `id` int(11) NOT NULL AUTO_INCREMENT,
  `role_id` int(11) DEFAULT NULL,
  `department_id` int(10) unsigned DEFAULT NULL,
  `name` varchar(150) NOT NULL,
  `email` varchar(150) NOT NULL,
  `phone` varchar(50) DEFAULT NULL,
  `profile_photo` varchar(255) DEFAULT NULL,
  `password` varchar(255) NOT NULL,
  `status` enum('active','inactive') DEFAULT 'active',
  `last_login` datetime DEFAULT NULL,
  `failed_login_attempts` int(10) unsigned NOT NULL DEFAULT 0,
  `locked_until` datetime DEFAULT NULL,
  `password_changed_at` datetime DEFAULT NULL,
  `must_change_password` tinyint(1) NOT NULL DEFAULT 0,
  `created_at` timestamp NOT NULL DEFAULT current_timestamp(),
  `updated_at` timestamp NULL DEFAULT NULL,
  PRIMARY KEY (`id`),
  UNIQUE KEY `email` (`email`),
  KEY `role_id` (`role_id`),
  KEY `index_admin_users_department_id` (`department_id`),
  CONSTRAINT `admin_users_ibfk_1` FOREIGN KEY (`role_id`) REFERENCES `roles` (`id`),
  CONSTRAINT `fk_admin_users_department` FOREIGN KEY (`department_id`) REFERENCES `departments` (`id`) ON DELETE SET NULL
) ENGINE=InnoDB DEFAULT CHARSET=utf8mb4 COLLATE=utf8mb4_unicode_ci;

-- Table: department_category_mappings
CREATE TABLE IF NOT EXISTS `department_category_mappings` (
  `department_id` int(10) unsigned NOT NULL,
  `category_id` int(10) unsigned NOT NULL,
  `is_active` tinyint(1) NOT NULL DEFAULT 1,
  `created_at` timestamp NOT NULL DEFAULT current_timestamp(),
  `updated_at` timestamp NULL DEFAULT NULL ON UPDATE current_timestamp(),
  PRIMARY KEY (`department_id`,`category_id`),
  KEY `index_department_category_category` (`category_id`,`is_active`),
  CONSTRAINT `fk_department_category_category` FOREIGN KEY (`category_id`) REFERENCES `complaint_categories` (`id`),
  CONSTRAINT `fk_department_category_department` FOREIGN KEY (`department_id`) REFERENCES `departments` (`id`)
) ENGINE=InnoDB DEFAULT CHARSET=utf8mb4 COLLATE=utf8mb4_unicode_ci;

-- Table: department_public_contacts
CREATE TABLE IF NOT EXISTS `department_public_contacts` (
  `id` bigint(20) unsigned NOT NULL AUTO_INCREMENT,
  `department_id` int(10) unsigned NOT NULL,
  `contact_key` varchar(60) NOT NULL,
  `contact_type` varchar(20) NOT NULL,
  `label` varchar(80) NOT NULL,
  `display_value` varchar(190) NOT NULL,
  `link_value` varchar(500) DEFAULT NULL,
  `sort_order` int(11) NOT NULL DEFAULT 100,
  `is_active` tinyint(1) NOT NULL DEFAULT 1,
  `created_at` timestamp NOT NULL DEFAULT current_timestamp(),
  `updated_at` timestamp NULL DEFAULT NULL ON UPDATE current_timestamp(),
  PRIMARY KEY (`id`),
  UNIQUE KEY `unique_department_contact` (`department_id`,`contact_key`),
  KEY `idx_department_public_contacts` (`department_id`,`is_active`,`sort_order`),
  CONSTRAINT `fk_department_public_contact_department` FOREIGN KEY (`department_id`) REFERENCES `departments` (`id`)
) ENGINE=InnoDB DEFAULT CHARSET=utf8mb4 COLLATE=utf8mb4_unicode_ci;

-- Table: public_facilities
CREATE TABLE IF NOT EXISTS `public_facilities` (
  `id` bigint(20) unsigned NOT NULL AUTO_INCREMENT,
  `facility_key` varchar(80) NOT NULL,
  `department_id` int(10) unsigned DEFAULT NULL,
  `name` varchar(180) NOT NULL,
  `description` text DEFAULT NULL,
  `address` varchar(500) DEFAULT NULL,
  `image_path` varchar(500) DEFAULT NULL,
  `sort_order` int(11) NOT NULL DEFAULT 100,
  `is_active` tinyint(1) NOT NULL DEFAULT 1,
  `created_at` timestamp NOT NULL DEFAULT current_timestamp(),
  `updated_at` timestamp NULL DEFAULT NULL ON UPDATE current_timestamp(),
  PRIMARY KEY (`id`),
  UNIQUE KEY `unique_facility_key` (`facility_key`),
  KEY `idx_public_facilities` (`is_active`,`sort_order`),
  KEY `fk_public_facility_department` (`department_id`),
  CONSTRAINT `fk_public_facility_department` FOREIGN KEY (`department_id`) REFERENCES `departments` (`id`)
) ENGINE=InnoDB DEFAULT CHARSET=utf8mb4 COLLATE=utf8mb4_unicode_ci;

-- Table: role_permissions
CREATE TABLE IF NOT EXISTS `role_permissions` (
  `id` int(11) NOT NULL AUTO_INCREMENT,
  `role_id` int(11) NOT NULL,
  `permission_id` int(11) NOT NULL,
  `created_at` timestamp NOT NULL DEFAULT current_timestamp(),
  PRIMARY KEY (`id`),
  UNIQUE KEY `unique_role_permission` (`role_id`,`permission_id`),
  KEY `permission_id` (`permission_id`),
  CONSTRAINT `role_permissions_ibfk_1` FOREIGN KEY (`role_id`) REFERENCES `roles` (`id`) ON DELETE CASCADE,
  CONSTRAINT `role_permissions_ibfk_2` FOREIGN KEY (`permission_id`) REFERENCES `permissions` (`id`) ON DELETE CASCADE
) ENGINE=InnoDB DEFAULT CHARSET=utf8mb4 COLLATE=utf8mb4_unicode_ci;

-- Table: system_setting_logs
CREATE TABLE IF NOT EXISTS `system_setting_logs` (
  `id` bigint(20) unsigned NOT NULL AUTO_INCREMENT,
  `setting_id` bigint(20) unsigned DEFAULT NULL,
  `setting_key` varchar(150) NOT NULL,
  `old_value` longtext DEFAULT NULL,
  `new_value` longtext DEFAULT NULL,
  `changed_by` int(10) unsigned NOT NULL,
  `change_reason` varchar(500) DEFAULT NULL,
  `ip_address` varchar(45) DEFAULT NULL,
  `user_agent` text DEFAULT NULL,
  `created_at` timestamp NOT NULL DEFAULT current_timestamp(),
  PRIMARY KEY (`id`),
  KEY `index_setting_logs_key` (`setting_key`),
  KEY `index_setting_logs_changed_by` (`changed_by`),
  KEY `index_setting_logs_created_at` (`created_at`),
  KEY `fk_setting_logs_setting` (`setting_id`),
  CONSTRAINT `fk_setting_logs_setting` FOREIGN KEY (`setting_id`) REFERENCES `system_settings` (`id`) ON DELETE SET NULL
) ENGINE=InnoDB DEFAULT CHARSET=utf8mb4 COLLATE=utf8mb4_unicode_ci;

-- Table: workflow_transitions
CREATE TABLE IF NOT EXISTS `workflow_transitions` (
  `id` int(10) unsigned NOT NULL AUTO_INCREMENT,
  `from_status_id` smallint(5) unsigned NOT NULL,
  `to_status_id` smallint(5) unsigned NOT NULL,
  `is_active` tinyint(1) NOT NULL DEFAULT 1,
  PRIMARY KEY (`id`),
  UNIQUE KEY `unique_workflow_transition` (`from_status_id`,`to_status_id`),
  KEY `fk_transition_to_status` (`to_status_id`),
  CONSTRAINT `fk_transition_from_status` FOREIGN KEY (`from_status_id`) REFERENCES `complaint_statuses` (`id`),
  CONSTRAINT `fk_transition_to_status` FOREIGN KEY (`to_status_id`) REFERENCES `complaint_statuses` (`id`)
) ENGINE=InnoDB DEFAULT CHARSET=utf8mb4 COLLATE=utf8mb4_unicode_ci;

-- Table: admin_audit_logs
CREATE TABLE IF NOT EXISTS `admin_audit_logs` (
  `id` bigint(20) unsigned NOT NULL AUTO_INCREMENT,
  `actor_user_id` int(11) DEFAULT NULL,
  `actor_name` varchar(120) DEFAULT NULL,
  `actor_role_slug` varchar(100) DEFAULT NULL,
  `event_type` varchar(100) NOT NULL,
  `action` varchar(40) NOT NULL,
  `resource_type` varchar(80) DEFAULT NULL,
  `resource_id` varchar(100) DEFAULT NULL,
  `message` varchar(255) NOT NULL,
  `success` tinyint(1) NOT NULL DEFAULT 1,
  `ip_address` varchar(64) DEFAULT NULL,
  `user_agent` varchar(512) DEFAULT NULL,
  `legacy_auth_event_id` bigint(20) unsigned DEFAULT NULL,
  `created_at` timestamp NOT NULL DEFAULT current_timestamp(),
  PRIMARY KEY (`id`),
  UNIQUE KEY `unique_admin_audit_legacy_auth_event` (`legacy_auth_event_id`),
  KEY `index_admin_audit_logs_actor_id` (`actor_user_id`),
  KEY `index_admin_audit_logs_type` (`event_type`),
  KEY `index_admin_audit_logs_action` (`action`),
  KEY `index_admin_audit_logs_resource` (`resource_type`,`resource_id`),
  KEY `index_admin_audit_logs_created_at` (`created_at`),
  CONSTRAINT `fk_admin_audit_logs_actor` FOREIGN KEY (`actor_user_id`) REFERENCES `admin_users` (`id`) ON DELETE SET NULL
) ENGINE=InnoDB DEFAULT CHARSET=utf8mb4 COLLATE=utf8mb4_unicode_ci;

-- Table: admin_auth_events
CREATE TABLE IF NOT EXISTS `admin_auth_events` (
  `id` bigint(20) unsigned NOT NULL AUTO_INCREMENT,
  `admin_user_id` int(11) DEFAULT NULL,
  `actor_user_id` int(11) DEFAULT NULL,
  `event_type` varchar(64) NOT NULL,
  `success` tinyint(1) NOT NULL DEFAULT 1,
  `ip_address` varchar(45) DEFAULT NULL,
  `user_agent` varchar(512) DEFAULT NULL,
  `metadata` longtext CHARACTER SET utf8mb4 COLLATE utf8mb4_bin DEFAULT NULL CHECK (json_valid(`metadata`)),
  `created_at` timestamp NOT NULL DEFAULT current_timestamp(),
  PRIMARY KEY (`id`),
  KEY `idx_admin_auth_event_user` (`admin_user_id`,`created_at`),
  KEY `idx_admin_auth_event_actor` (`actor_user_id`,`created_at`),
  KEY `idx_admin_auth_event_type` (`event_type`,`created_at`),
  CONSTRAINT `fk_admin_auth_event_actor` FOREIGN KEY (`actor_user_id`) REFERENCES `admin_users` (`id`) ON DELETE SET NULL,
  CONSTRAINT `fk_admin_auth_event_user` FOREIGN KEY (`admin_user_id`) REFERENCES `admin_users` (`id`) ON DELETE SET NULL
) ENGINE=InnoDB DEFAULT CHARSET=utf8mb4 COLLATE=utf8mb4_unicode_ci;

-- Table: admin_sessions
CREATE TABLE IF NOT EXISTS `admin_sessions` (
  `id` bigint(20) unsigned NOT NULL AUTO_INCREMENT,
  `session_token` char(36) NOT NULL,
  `admin_user_id` int(11) NOT NULL,
  `two_factor_verified` tinyint(1) NOT NULL DEFAULT 0,
  `ip_address` varchar(45) DEFAULT NULL,
  `user_agent` varchar(500) DEFAULT NULL,
  `last_activity_at` datetime NOT NULL DEFAULT current_timestamp(),
  `expires_at` datetime NOT NULL,
  `revoked_at` datetime DEFAULT NULL,
  `revoke_reason` varchar(120) DEFAULT NULL,
  `created_at` timestamp NOT NULL DEFAULT current_timestamp(),
  PRIMARY KEY (`id`),
  UNIQUE KEY `unique_admin_session_token` (`session_token`),
  KEY `index_admin_sessions_user_active` (`admin_user_id`,`revoked_at`,`expires_at`),
  CONSTRAINT `fk_admin_sessions_user` FOREIGN KEY (`admin_user_id`) REFERENCES `admin_users` (`id`) ON DELETE CASCADE
) ENGINE=InnoDB DEFAULT CHARSET=utf8mb4 COLLATE=utf8mb4_unicode_ci;

-- Table: admin_two_factor_challenges
CREATE TABLE IF NOT EXISTS `admin_two_factor_challenges` (
  `id` bigint(20) unsigned NOT NULL AUTO_INCREMENT,
  `admin_user_id` int(11) NOT NULL,
  `challenge_token_hash` char(64) NOT NULL,
  `otp_hash` char(64) NOT NULL,
  `attempt_count` tinyint(3) unsigned NOT NULL DEFAULT 0,
  `resend_count` tinyint(3) unsigned NOT NULL DEFAULT 0,
  `expires_at` datetime NOT NULL,
  `resend_available_at` datetime NOT NULL,
  `used_at` datetime DEFAULT NULL,
  `locked_at` datetime DEFAULT NULL,
  `created_at` timestamp NOT NULL DEFAULT current_timestamp(),
  `updated_at` timestamp NOT NULL DEFAULT current_timestamp() ON UPDATE current_timestamp(),
  PRIMARY KEY (`id`),
  UNIQUE KEY `uq_admin_2fa_challenge_token` (`challenge_token_hash`),
  KEY `idx_admin_2fa_challenge_user` (`admin_user_id`),
  KEY `idx_admin_2fa_challenge_active` (`admin_user_id`,`used_at`,`locked_at`,`expires_at`),
  CONSTRAINT `fk_admin_2fa_challenge_user` FOREIGN KEY (`admin_user_id`) REFERENCES `admin_users` (`id`) ON DELETE CASCADE
) ENGINE=InnoDB DEFAULT CHARSET=utf8mb4 COLLATE=utf8mb4_unicode_ci;

-- Table: admin_two_factor_recovery_codes
CREATE TABLE IF NOT EXISTS `admin_two_factor_recovery_codes` (
  `id` bigint(20) unsigned NOT NULL AUTO_INCREMENT,
  `admin_user_id` int(11) NOT NULL,
  `code_hash` char(64) NOT NULL,
  `generated_by_user_id` int(11) DEFAULT NULL,
  `used_at` datetime DEFAULT NULL,
  `created_at` timestamp NOT NULL DEFAULT current_timestamp(),
  PRIMARY KEY (`id`),
  UNIQUE KEY `uq_admin_2fa_recovery_code` (`code_hash`),
  KEY `idx_admin_2fa_recovery_user` (`admin_user_id`,`used_at`),
  KEY `fk_admin_2fa_recovery_generator` (`generated_by_user_id`),
  CONSTRAINT `fk_admin_2fa_recovery_generator` FOREIGN KEY (`generated_by_user_id`) REFERENCES `admin_users` (`id`) ON DELETE SET NULL,
  CONSTRAINT `fk_admin_2fa_recovery_user` FOREIGN KEY (`admin_user_id`) REFERENCES `admin_users` (`id`) ON DELETE CASCADE
) ENGINE=InnoDB DEFAULT CHARSET=utf8mb4 COLLATE=utf8mb4_unicode_ci;

-- Table: assignment_routing_rules
CREATE TABLE IF NOT EXISTS `assignment_routing_rules` (
  `id` bigint(20) unsigned NOT NULL AUTO_INCREMENT,
  `name` varchar(160) NOT NULL,
  `match_type` enum('category','department','location','fallback') NOT NULL,
  `match_value` varchar(100) DEFAULT NULL,
  `destination_department_id` int(10) unsigned NOT NULL,
  `assigned_officer_id` int(11) DEFAULT NULL,
  `rule_priority` int(11) NOT NULL DEFAULT 100,
  `is_active` tinyint(1) NOT NULL DEFAULT 1,
  `created_by` int(11) DEFAULT NULL,
  `created_at` timestamp NOT NULL DEFAULT current_timestamp(),
  `updated_at` timestamp NULL DEFAULT NULL ON UPDATE current_timestamp(),
  PRIMARY KEY (`id`),
  KEY `index_routing_rules_match` (`match_type`,`match_value`,`is_active`,`rule_priority`),
  KEY `fk_routing_destination` (`destination_department_id`),
  KEY `fk_routing_officer` (`assigned_officer_id`),
  KEY `fk_routing_creator` (`created_by`),
  CONSTRAINT `fk_routing_creator` FOREIGN KEY (`created_by`) REFERENCES `admin_users` (`id`) ON DELETE SET NULL,
  CONSTRAINT `fk_routing_destination` FOREIGN KEY (`destination_department_id`) REFERENCES `departments` (`id`),
  CONSTRAINT `fk_routing_officer` FOREIGN KEY (`assigned_officer_id`) REFERENCES `admin_users` (`id`) ON DELETE SET NULL
) ENGINE=InnoDB DEFAULT CHARSET=utf8mb4 COLLATE=utf8mb4_unicode_ci;

-- Table: complaints
CREATE TABLE IF NOT EXISTS `complaints` (
  `id` bigint(20) unsigned NOT NULL AUTO_INCREMENT,
  `token_number` varchar(255) NOT NULL,
  `assigned_department_id` int(10) unsigned DEFAULT NULL,
  `submitted_department_id` int(10) unsigned DEFAULT NULL,
  `assigned_officer_id` int(11) DEFAULT NULL,
  `priority_id` smallint(5) unsigned NOT NULL,
  `ticket_priority` varchar(80) DEFAULT NULL,
  `category_id` int(10) unsigned DEFAULT NULL,
  `location_id` int(10) unsigned DEFAULT NULL,
  `incident_date` date DEFAULT NULL,
  `status_id` smallint(5) unsigned NOT NULL,
  `status` varchar(80) DEFAULT NULL,
  `due_at` datetime DEFAULT NULL,
  `is_escalated` tinyint(1) NOT NULL DEFAULT 0,
  `overdue_at` datetime DEFAULT NULL,
  `resolved_at` datetime DEFAULT NULL,
  `closed_at` datetime DEFAULT NULL,
  `anonymized_at` datetime DEFAULT NULL,
  `assistance` varchar(80) DEFAULT NULL,
  `assistance_other` varchar(500) DEFAULT NULL,
  `submission_type` varchar(32) NOT NULL DEFAULT 'named',
  `comp_name` varchar(160) DEFAULT NULL,
  `gender_key` varchar(50) DEFAULT NULL,
  `comp_phone` varchar(40) DEFAULT NULL,
  `comp_phone_digits` varchar(32) DEFAULT NULL,
  `comp_address` text DEFAULT NULL,
  `comp_email` varchar(190) DEFAULT NULL,
  `identification_number_encrypted` text DEFAULT NULL,
  `identification_number_hash` char(64) DEFAULT NULL,
  `identification_number_last4` char(4) DEFAULT NULL,
  `contact_pref` varchar(80) DEFAULT NULL,
  `on_behalf` tinyint(1) DEFAULT NULL,
  `affected_name` varchar(160) DEFAULT NULL,
  `relationship` varchar(160) DEFAULT NULL,
  `permission` varchar(32) DEFAULT NULL,
  `issue_type` longtext CHARACTER SET utf8mb4 COLLATE utf8mb4_bin DEFAULT NULL CHECK (json_valid(`issue_type`)),
  `issue_other` varchar(255) DEFAULT NULL,
  `channel` longtext CHARACTER SET utf8mb4 COLLATE utf8mb4_bin DEFAULT NULL CHECK (json_valid(`channel`)),
  `incident_location` varchar(255) DEFAULT NULL,
  `description` text DEFAULT NULL,
  `resolution_summary` text DEFAULT NULL,
  `desired_outcome` text DEFAULT NULL,
  `tried_resolve` tinyint(1) DEFAULT NULL,
  `prev_attempts` text DEFAULT NULL,
  `has_documents` tinyint(1) DEFAULT NULL,
  `has_witnesses` tinyint(1) DEFAULT NULL,
  `witness_name` varchar(160) DEFAULT NULL,
  `witness_phone` varchar(40) DEFAULT NULL,
  `accommodation` longtext CHARACTER SET utf8mb4 COLLATE utf8mb4_bin DEFAULT NULL CHECK (json_valid(`accommodation`)),
  `accommodation_other` varchar(500) DEFAULT NULL,
  `declaration_confirm` tinyint(1) NOT NULL DEFAULT 0,
  `signature` varchar(160) DEFAULT NULL,
  `declaration_date` date DEFAULT NULL,
  `intake_source` varchar(32) NOT NULL DEFAULT 'public',
  `office_received_at` datetime DEFAULT NULL,
  `office_received_by` varchar(120) DEFAULT NULL,
  `office_initial_classification` varchar(80) DEFAULT NULL,
  `office_initial_classification_id` smallint(5) unsigned DEFAULT NULL,
  `office_assigned_to` varchar(160) DEFAULT NULL,
  `created_by_admin_user_id` int(11) DEFAULT NULL,
  `ip_address` varchar(64) DEFAULT NULL,
  `user_agent` varchar(512) DEFAULT NULL,
  `created_at` timestamp NOT NULL DEFAULT current_timestamp(),
  `updated_at` timestamp NULL DEFAULT NULL ON UPDATE current_timestamp(),
  PRIMARY KEY (`id`),
  UNIQUE KEY `unique_complaints_token_number` (`token_number`),
  KEY `index_complaints_status_created` (`created_at`),
  KEY `index_complaints_submission_type` (`submission_type`),
  KEY `index_complaints_incident_date` (`incident_date`),
  KEY `index_complaints_declaration_date` (`declaration_date`),
  KEY `index_complaints_comp_phone_digits` (`comp_phone_digits`),
  KEY `index_complaints_due_at` (`due_at`),
  KEY `index_complaints_resolved_at` (`resolved_at`),
  KEY `index_complaints_intake_source` (`intake_source`),
  KEY `index_complaints_created_by_admin` (`created_by_admin_user_id`),
  KEY `index_complaints_status_id` (`status_id`),
  KEY `index_complaints_priority_id` (`priority_id`),
  KEY `index_complaints_category_id` (`category_id`),
  KEY `index_complaints_location_id` (`location_id`),
  KEY `index_complaints_submitted_department_id` (`submitted_department_id`),
  KEY `index_complaints_assigned_department_id` (`assigned_department_id`),
  KEY `idx_complaints_identification_hash` (`identification_number_hash`),
  KEY `idx_complaints_assigned_officer` (`assigned_officer_id`),
  KEY `index_complaints_intake_classification` (`office_initial_classification_id`),
  CONSTRAINT `fk_complaints_assigned_department` FOREIGN KEY (`assigned_department_id`) REFERENCES `departments` (`id`) ON DELETE SET NULL,
  CONSTRAINT `fk_complaints_assigned_officer` FOREIGN KEY (`assigned_officer_id`) REFERENCES `admin_users` (`id`) ON DELETE SET NULL,
  CONSTRAINT `fk_complaints_category` FOREIGN KEY (`category_id`) REFERENCES `complaint_categories` (`id`),
  CONSTRAINT `fk_complaints_created_by_admin` FOREIGN KEY (`created_by_admin_user_id`) REFERENCES `admin_users` (`id`) ON DELETE SET NULL,
  CONSTRAINT `fk_complaints_intake_classification` FOREIGN KEY (`office_initial_classification_id`) REFERENCES `complaint_intake_classifications` (`id`),
  CONSTRAINT `fk_complaints_location` FOREIGN KEY (`location_id`) REFERENCES `complaint_locations` (`id`),
  CONSTRAINT `fk_complaints_priority` FOREIGN KEY (`priority_id`) REFERENCES `complaint_priorities` (`id`),
  CONSTRAINT `fk_complaints_status` FOREIGN KEY (`status_id`) REFERENCES `complaint_statuses` (`id`),
  CONSTRAINT `fk_complaints_submitted_department` FOREIGN KEY (`submitted_department_id`) REFERENCES `departments` (`id`)
) ENGINE=InnoDB DEFAULT CHARSET=utf8mb4 COLLATE=utf8mb4_unicode_ci;

-- Table: facility_public_contacts
CREATE TABLE IF NOT EXISTS `facility_public_contacts` (
  `id` bigint(20) unsigned NOT NULL AUTO_INCREMENT,
  `facility_id` bigint(20) unsigned NOT NULL,
  `contact_key` varchar(60) NOT NULL,
  `contact_type` varchar(20) NOT NULL,
  `label` varchar(80) NOT NULL,
  `display_value` varchar(190) NOT NULL,
  `link_value` varchar(500) DEFAULT NULL,
  `sort_order` int(11) NOT NULL DEFAULT 100,
  `is_active` tinyint(1) NOT NULL DEFAULT 1,
  `created_at` timestamp NOT NULL DEFAULT current_timestamp(),
  `updated_at` timestamp NULL DEFAULT NULL ON UPDATE current_timestamp(),
  PRIMARY KEY (`id`),
  UNIQUE KEY `unique_facility_contact` (`facility_id`,`contact_key`),
  KEY `idx_facility_public_contacts` (`facility_id`,`is_active`,`sort_order`),
  CONSTRAINT `fk_facility_public_contact_facility` FOREIGN KEY (`facility_id`) REFERENCES `public_facilities` (`id`)
) ENGINE=InnoDB DEFAULT CHARSET=utf8mb4 COLLATE=utf8mb4_unicode_ci;

-- Table: report_jobs
CREATE TABLE IF NOT EXISTS `report_jobs` (
  `id` char(36) NOT NULL,
  `requested_by` int(11) NOT NULL,
  `report_type` varchar(60) NOT NULL DEFAULT 'grievances',
  `output_format` enum('PDF','Excel','CSV') NOT NULL,
  `filters` longtext CHARACTER SET utf8mb4 COLLATE utf8mb4_bin NOT NULL CHECK (json_valid(`filters`)),
  `settings_snapshot` longtext CHARACTER SET utf8mb4 COLLATE utf8mb4_bin NOT NULL CHECK (json_valid(`settings_snapshot`)),
  `status` enum('pending','processing','completed','failed') NOT NULL DEFAULT 'pending',
  `total_records` int(10) unsigned NOT NULL DEFAULT 0,
  `output_path` varchar(500) DEFAULT NULL,
  `output_name` varchar(255) DEFAULT NULL,
  `mime_type` varchar(120) DEFAULT NULL,
  `error_message` text DEFAULT NULL,
  `processing_started_at` datetime DEFAULT NULL,
  `completed_at` datetime DEFAULT NULL,
  `created_at` timestamp NOT NULL DEFAULT current_timestamp(),
  PRIMARY KEY (`id`),
  KEY `index_report_jobs_work` (`status`,`created_at`),
  KEY `index_report_jobs_user` (`requested_by`,`created_at`),
  CONSTRAINT `fk_report_jobs_user` FOREIGN KEY (`requested_by`) REFERENCES `admin_users` (`id`)
) ENGINE=InnoDB DEFAULT CHARSET=utf8mb4 COLLATE=utf8mb4_unicode_ci;

-- Table: admin_notifications
CREATE TABLE IF NOT EXISTS `admin_notifications` (
  `id` bigint(20) unsigned NOT NULL AUTO_INCREMENT,
  `idempotency_key` varchar(190) NOT NULL,
  `admin_user_id` int(11) NOT NULL,
  `complaint_id` bigint(20) unsigned DEFAULT NULL,
  `event_type` varchar(60) NOT NULL,
  `title` varchar(255) NOT NULL,
  `message` text NOT NULL,
  `read_at` datetime DEFAULT NULL,
  `created_at` timestamp NOT NULL DEFAULT current_timestamp(),
  PRIMARY KEY (`id`),
  UNIQUE KEY `unique_admin_notification_idempotency` (`idempotency_key`),
  KEY `index_admin_notifications_user_unread` (`admin_user_id`,`read_at`,`created_at`),
  KEY `fk_admin_notification_complaint` (`complaint_id`),
  CONSTRAINT `fk_admin_notification_complaint` FOREIGN KEY (`complaint_id`) REFERENCES `complaints` (`id`) ON DELETE CASCADE,
  CONSTRAINT `fk_admin_notification_user` FOREIGN KEY (`admin_user_id`) REFERENCES `admin_users` (`id`) ON DELETE CASCADE
) ENGINE=InnoDB DEFAULT CHARSET=utf8mb4 COLLATE=utf8mb4_unicode_ci;

-- Table: complaint_assignment_history
CREATE TABLE IF NOT EXISTS `complaint_assignment_history` (
  `id` bigint(20) unsigned NOT NULL AUTO_INCREMENT,
  `complaint_id` bigint(20) unsigned NOT NULL,
  `from_department_id` int(10) unsigned DEFAULT NULL,
  `to_department_id` int(10) unsigned DEFAULT NULL,
  `assigned_officer_id` int(11) DEFAULT NULL,
  `note` text DEFAULT NULL,
  `assigned_by` int(11) DEFAULT NULL,
  `assignment_source` enum('manual','routing_rule','reassignment') NOT NULL DEFAULT 'manual',
  `created_at` timestamp NOT NULL DEFAULT current_timestamp(),
  PRIMARY KEY (`id`),
  KEY `index_assignment_history_complaint` (`complaint_id`,`created_at`),
  KEY `fk_assignment_history_from` (`from_department_id`),
  KEY `fk_assignment_history_to` (`to_department_id`),
  KEY `fk_assignment_history_officer` (`assigned_officer_id`),
  KEY `fk_assignment_history_actor` (`assigned_by`),
  CONSTRAINT `fk_assignment_history_actor` FOREIGN KEY (`assigned_by`) REFERENCES `admin_users` (`id`) ON DELETE SET NULL,
  CONSTRAINT `fk_assignment_history_complaint` FOREIGN KEY (`complaint_id`) REFERENCES `complaints` (`id`) ON DELETE CASCADE,
  CONSTRAINT `fk_assignment_history_from` FOREIGN KEY (`from_department_id`) REFERENCES `departments` (`id`) ON DELETE SET NULL,
  CONSTRAINT `fk_assignment_history_officer` FOREIGN KEY (`assigned_officer_id`) REFERENCES `admin_users` (`id`) ON DELETE SET NULL,
  CONSTRAINT `fk_assignment_history_to` FOREIGN KEY (`to_department_id`) REFERENCES `departments` (`id`) ON DELETE SET NULL
) ENGINE=InnoDB DEFAULT CHARSET=utf8mb4 COLLATE=utf8mb4_unicode_ci;

-- Table: complaint_attachments
CREATE TABLE IF NOT EXISTS `complaint_attachments` (
  `id` bigint(20) unsigned NOT NULL AUTO_INCREMENT,
  `complaint_id` bigint(20) unsigned NOT NULL,
  `original_name` varchar(255) NOT NULL,
  `stored_name` varchar(255) NOT NULL,
  `mime_type` varchar(120) NOT NULL,
  `file_size` int(10) unsigned NOT NULL,
  `storage_path` varchar(500) NOT NULL,
  `uploaded_at` timestamp NOT NULL DEFAULT current_timestamp(),
  PRIMARY KEY (`id`),
  KEY `index_complaint_attachments_complaint_id` (`complaint_id`),
  CONSTRAINT `fk_complaint_attachments_complaint` FOREIGN KEY (`complaint_id`) REFERENCES `complaints` (`id`) ON DELETE CASCADE
) ENGINE=InnoDB DEFAULT CHARSET=utf8mb4 COLLATE=utf8mb4_unicode_ci;

-- Table: complaint_escalations
CREATE TABLE IF NOT EXISTS `complaint_escalations` (
  `id` bigint(20) unsigned NOT NULL AUTO_INCREMENT,
  `complaint_id` bigint(20) unsigned NOT NULL,
  `escalation_key` varchar(120) NOT NULL,
  `escalated_at` datetime NOT NULL DEFAULT current_timestamp(),
  PRIMARY KEY (`id`),
  UNIQUE KEY `unique_complaint_escalation` (`complaint_id`,`escalation_key`),
  CONSTRAINT `fk_escalation_complaint` FOREIGN KEY (`complaint_id`) REFERENCES `complaints` (`id`) ON DELETE CASCADE
) ENGINE=InnoDB DEFAULT CHARSET=utf8mb4 COLLATE=utf8mb4_unicode_ci;

-- Table: complaint_internal_comments
CREATE TABLE IF NOT EXISTS `complaint_internal_comments` (
  `id` bigint(20) unsigned NOT NULL AUTO_INCREMENT,
  `complaint_id` bigint(20) unsigned NOT NULL,
  `comment` text NOT NULL,
  `created_by` int(11) NOT NULL,
  `created_at` timestamp NOT NULL DEFAULT current_timestamp(),
  PRIMARY KEY (`id`),
  KEY `index_internal_comments_complaint` (`complaint_id`,`created_at`),
  KEY `fk_internal_comment_actor` (`created_by`),
  CONSTRAINT `fk_internal_comment_actor` FOREIGN KEY (`created_by`) REFERENCES `admin_users` (`id`),
  CONSTRAINT `fk_internal_comment_complaint` FOREIGN KEY (`complaint_id`) REFERENCES `complaints` (`id`) ON DELETE CASCADE
) ENGINE=InnoDB DEFAULT CHARSET=utf8mb4 COLLATE=utf8mb4_unicode_ci;

-- Table: complaint_reassignment_requests
CREATE TABLE IF NOT EXISTS `complaint_reassignment_requests` (
  `id` bigint(20) unsigned NOT NULL AUTO_INCREMENT,
  `complaint_id` bigint(20) unsigned NOT NULL,
  `requested_department_id` int(10) unsigned NOT NULL,
  `reason` text NOT NULL,
  `status` enum('pending','approved','rejected') NOT NULL DEFAULT 'pending',
  `requested_by` int(11) NOT NULL,
  `decided_by` int(11) DEFAULT NULL,
  `decision_note` text DEFAULT NULL,
  `created_at` timestamp NOT NULL DEFAULT current_timestamp(),
  `decided_at` datetime DEFAULT NULL,
  PRIMARY KEY (`id`),
  KEY `fk_reassignment_complaint` (`complaint_id`),
  KEY `fk_reassignment_department` (`requested_department_id`),
  KEY `fk_reassignment_requester` (`requested_by`),
  KEY `fk_reassignment_decider` (`decided_by`),
  CONSTRAINT `fk_reassignment_complaint` FOREIGN KEY (`complaint_id`) REFERENCES `complaints` (`id`) ON DELETE CASCADE,
  CONSTRAINT `fk_reassignment_decider` FOREIGN KEY (`decided_by`) REFERENCES `admin_users` (`id`) ON DELETE SET NULL,
  CONSTRAINT `fk_reassignment_department` FOREIGN KEY (`requested_department_id`) REFERENCES `departments` (`id`),
  CONSTRAINT `fk_reassignment_requester` FOREIGN KEY (`requested_by`) REFERENCES `admin_users` (`id`)
) ENGINE=InnoDB DEFAULT CHARSET=utf8mb4 COLLATE=utf8mb4_unicode_ci;

-- Table: complaint_resolution_documents
CREATE TABLE IF NOT EXISTS `complaint_resolution_documents` (
  `id` bigint(20) unsigned NOT NULL AUTO_INCREMENT,
  `complaint_id` bigint(20) unsigned NOT NULL,
  `original_name` varchar(255) NOT NULL,
  `stored_name` varchar(255) NOT NULL,
  `mime_type` varchar(120) NOT NULL,
  `file_size` bigint(20) unsigned NOT NULL,
  `storage_path` varchar(500) NOT NULL,
  `uploaded_by` int(11) NOT NULL,
  `uploaded_at` timestamp NOT NULL DEFAULT current_timestamp(),
  PRIMARY KEY (`id`),
  KEY `index_resolution_documents_complaint` (`complaint_id`,`uploaded_at`),
  KEY `fk_resolution_document_actor` (`uploaded_by`),
  CONSTRAINT `fk_resolution_document_actor` FOREIGN KEY (`uploaded_by`) REFERENCES `admin_users` (`id`),
  CONSTRAINT `fk_resolution_document_complaint` FOREIGN KEY (`complaint_id`) REFERENCES `complaints` (`id`) ON DELETE CASCADE
) ENGINE=InnoDB DEFAULT CHARSET=utf8mb4 COLLATE=utf8mb4_unicode_ci;

-- Table: complaint_status_history
CREATE TABLE IF NOT EXISTS `complaint_status_history` (
  `id` bigint(20) unsigned NOT NULL AUTO_INCREMENT,
  `complaint_id` bigint(20) unsigned NOT NULL,
  `from_status_id` smallint(5) unsigned DEFAULT NULL,
  `to_status_id` smallint(5) unsigned NOT NULL,
  `comment` text DEFAULT NULL,
  `changed_by` int(11) DEFAULT NULL,
  `created_at` timestamp NOT NULL DEFAULT current_timestamp(),
  PRIMARY KEY (`id`),
  KEY `index_status_history_complaint` (`complaint_id`,`created_at`),
  KEY `fk_status_history_from` (`from_status_id`),
  KEY `fk_status_history_to` (`to_status_id`),
  KEY `fk_status_history_actor` (`changed_by`),
  CONSTRAINT `fk_status_history_actor` FOREIGN KEY (`changed_by`) REFERENCES `admin_users` (`id`) ON DELETE SET NULL,
  CONSTRAINT `fk_status_history_complaint` FOREIGN KEY (`complaint_id`) REFERENCES `complaints` (`id`) ON DELETE CASCADE,
  CONSTRAINT `fk_status_history_from` FOREIGN KEY (`from_status_id`) REFERENCES `complaint_statuses` (`id`),
  CONSTRAINT `fk_status_history_to` FOREIGN KEY (`to_status_id`) REFERENCES `complaint_statuses` (`id`)
) ENGINE=InnoDB DEFAULT CHARSET=utf8mb4 COLLATE=utf8mb4_unicode_ci;

-- Table: due_date_extension_requests
CREATE TABLE IF NOT EXISTS `due_date_extension_requests` (
  `id` bigint(20) unsigned NOT NULL AUTO_INCREMENT,
  `complaint_id` bigint(20) unsigned NOT NULL,
  `requested_due_at` datetime NOT NULL,
  `reason` text NOT NULL,
  `status` enum('pending','approved','rejected') NOT NULL DEFAULT 'pending',
  `requested_by` int(11) NOT NULL,
  `decided_by` int(11) DEFAULT NULL,
  `decision_note` text DEFAULT NULL,
  `created_at` timestamp NOT NULL DEFAULT current_timestamp(),
  `decided_at` datetime DEFAULT NULL,
  PRIMARY KEY (`id`),
  KEY `fk_due_extension_complaint` (`complaint_id`),
  KEY `fk_due_extension_requester` (`requested_by`),
  KEY `fk_due_extension_decider` (`decided_by`),
  CONSTRAINT `fk_due_extension_complaint` FOREIGN KEY (`complaint_id`) REFERENCES `complaints` (`id`) ON DELETE CASCADE,
  CONSTRAINT `fk_due_extension_decider` FOREIGN KEY (`decided_by`) REFERENCES `admin_users` (`id`) ON DELETE SET NULL,
  CONSTRAINT `fk_due_extension_requester` FOREIGN KEY (`requested_by`) REFERENCES `admin_users` (`id`)
) ENGINE=InnoDB DEFAULT CHARSET=utf8mb4 COLLATE=utf8mb4_unicode_ci;

-- Table: notification_outbox
CREATE TABLE IF NOT EXISTS `notification_outbox` (
  `id` bigint(20) unsigned NOT NULL AUTO_INCREMENT,
  `idempotency_key` varchar(190) NOT NULL,
  `event_type` varchar(60) NOT NULL,
  `channel` enum('email','dashboard') NOT NULL,
  `complaint_id` bigint(20) unsigned DEFAULT NULL,
  `admin_user_id` int(11) DEFAULT NULL,
  `recipient_email` varchar(190) DEFAULT NULL,
  `template_id` int(10) unsigned DEFAULT NULL,
  `payload` longtext CHARACTER SET utf8mb4 COLLATE utf8mb4_bin NOT NULL CHECK (json_valid(`payload`)),
  `status` enum('pending','processing','sent','failed') NOT NULL DEFAULT 'pending',
  `attempts` smallint(5) unsigned NOT NULL DEFAULT 0,
  `available_at` datetime NOT NULL DEFAULT current_timestamp(),
  `processing_started_at` datetime DEFAULT NULL,
  `sent_at` datetime DEFAULT NULL,
  `last_error` text DEFAULT NULL,
  `created_at` timestamp NOT NULL DEFAULT current_timestamp(),
  PRIMARY KEY (`id`),
  UNIQUE KEY `unique_notification_idempotency` (`idempotency_key`),
  KEY `index_notification_outbox_work` (`status`,`available_at`),
  KEY `fk_notification_outbox_complaint` (`complaint_id`),
  KEY `fk_notification_outbox_user` (`admin_user_id`),
  KEY `fk_notification_outbox_template` (`template_id`),
  CONSTRAINT `fk_notification_outbox_complaint` FOREIGN KEY (`complaint_id`) REFERENCES `complaints` (`id`) ON DELETE CASCADE,
  CONSTRAINT `fk_notification_outbox_template` FOREIGN KEY (`template_id`) REFERENCES `notification_templates` (`id`) ON DELETE SET NULL,
  CONSTRAINT `fk_notification_outbox_user` FOREIGN KEY (`admin_user_id`) REFERENCES `admin_users` (`id`) ON DELETE CASCADE
) ENGINE=InnoDB DEFAULT CHARSET=utf8mb4 COLLATE=utf8mb4_unicode_ci;

-- Safe reference data

-- Seed: roles
INSERT INTO `roles` (`id`, `name`, `slug`, `is_active`) VALUES
(1, 'Super Admin', 'super-admin', 1),
(2, 'Content Manager', 'content-manager', 1),
(3, 'Department Officer', 'department-officer', 1),
(4, 'Grievance Officer', 'grievance-officer', 1),
(5, 'Application Reviewer', 'application-reviewer', 1),
(6, 'Viewer', 'viewer', 1),
(7, 'Admin', 'admin', 1),
(8, 'Ministry User', 'ministry-user', 1)
ON DUPLICATE KEY UPDATE `name`=VALUES(`name`), `slug`=VALUES(`slug`), `is_active`=VALUES(`is_active`);

-- Seed: departments
INSERT INTO `departments` (`id`, `name`, `public_display_name`, `public_address`, `public_summary`, `public_icon_key`, `public_sort_order`, `show_in_public_directory`, `slug`, `code`, `is_active`) VALUES
(1, 'Ministry Headquarters', NULL, NULL, NULL, NULL, 100, 0, 'ministry-headquarters', 'MHQ', 1),
(2, 'Family Support & Gender Affairs', NULL, NULL, NULL, NULL, 100, 0, 'family-support-gender-affairs', 'FSAGA', 1),
(3, 'Human Services', NULL, NULL, NULL, NULL, 100, 0, 'human-services', 'HS', 1),
(4, 'Community Rehabilitation', NULL, NULL, NULL, NULL, 100, 0, 'community-rehabilitation', 'CR', 1),
(5, 'Policy & Planning', NULL, NULL, NULL, NULL, 100, 0, 'policy-planning', 'PP', 1),
(6, 'Inspector of Social Services Institutions', NULL, NULL, NULL, NULL, 100, 0, 'inspector-social-services-institutions', 'ISSI', 1)
ON DUPLICATE KEY UPDATE `name`=VALUES(`name`), `public_display_name`=VALUES(`public_display_name`), `public_address`=VALUES(`public_address`), `public_summary`=VALUES(`public_summary`), `public_icon_key`=VALUES(`public_icon_key`), `public_sort_order`=VALUES(`public_sort_order`), `show_in_public_directory`=VALUES(`show_in_public_directory`), `slug`=VALUES(`slug`), `code`=VALUES(`code`), `is_active`=VALUES(`is_active`);

-- Seed: permissions
INSERT INTO `permissions` (`id`, `module`, `action`, `permission_key`, `description`, `is_active`) VALUES
(1, 'dashboard', 'view', 'dashboard.view', 'View admin dashboard', 1),
(2, 'roles', 'view', 'roles.view', 'View roles and permissions', 1),
(3, 'roles', 'create', 'roles.create', 'Create custom roles', 1),
(4, 'roles', 'update', 'roles.update', 'Update role permissions', 1),
(5, 'roles', 'delete', 'roles.delete', 'Delete roles', 1),
(6, 'users', 'view', 'users.view', 'View administrator users', 1),
(7, 'users', 'create', 'users.create', 'Create administrator users', 1),
(8, 'users', 'update', 'users.update', 'Update administrator users', 1),
(9, 'users', 'delete', 'users.delete', 'Delete administrator users', 1),
(10, 'pages', 'view', 'pages.view', 'View pages', 1),
(11, 'pages', 'create', 'pages.create', 'Create pages', 1),
(12, 'pages', 'update', 'pages.update', 'Update pages', 1),
(13, 'pages', 'delete', 'pages.delete', 'Delete pages', 1),
(14, 'departments', 'view', 'departments.view', 'View departments', 1),
(15, 'departments', 'create', 'departments.create', 'Create departments', 1),
(16, 'departments', 'update', 'departments.update', 'Update departments', 1),
(17, 'departments', 'delete', 'departments.delete', 'Delete departments', 1),
(18, 'services', 'view', 'services.view', 'View services', 1),
(19, 'services', 'create', 'services.create', 'Create services', 1),
(20, 'services', 'update', 'services.update', 'Update services', 1),
(21, 'services', 'delete', 'services.delete', 'Delete services', 1),
(22, 'service_navigator', 'view', 'service_navigator.view', 'View service navigator', 1),
(23, 'service_navigator', 'update', 'service_navigator.update', 'Update service navigator', 1),
(24, 'applications', 'view', 'applications.view', 'View applications', 1),
(25, 'applications', 'update', 'applications.update', 'Update applications', 1),
(26, 'grievances', 'view', 'grievances.view', 'Legacy grievance access', 0),
(27, 'grievances', 'update', 'grievances.update', 'Update grievances', 1),
(28, 'awareness_hub', 'view', 'awareness_hub.view', 'View awareness hub', 1),
(29, 'awareness_hub', 'create', 'awareness_hub.create', 'Create awareness content', 1),
(30, 'awareness_hub', 'update', 'awareness_hub.update', 'Update awareness content', 1),
(31, 'awareness_hub', 'delete', 'awareness_hub.delete', 'Delete awareness content', 1),
(32, 'resources', 'view', 'resources.view', 'View resources', 1),
(33, 'resources', 'create', 'resources.create', 'Create resources', 1),
(34, 'resources', 'update', 'resources.update', 'Update resources', 1),
(35, 'resources', 'delete', 'resources.delete', 'Delete resources', 1),
(36, 'news', 'view', 'news.view', 'View news', 1),
(37, 'news', 'create', 'news.create', 'Create news', 1),
(38, 'news', 'update', 'news.update', 'Update news', 1),
(39, 'news', 'delete', 'news.delete', 'Delete news', 1),
(40, 'contact_offices', 'view', 'contact_offices.view', 'View contact offices', 1),
(41, 'contact_offices', 'create', 'contact_offices.create', 'Create contact offices', 1),
(42, 'contact_offices', 'update', 'contact_offices.update', 'Update contact offices', 1),
(43, 'contact_offices', 'delete', 'contact_offices.delete', 'Delete contact offices', 1),
(44, 'reports', 'view', 'reports.view', 'View reports', 1),
(45, 'settings', 'view', 'settings.view', 'View website settings', 1),
(46, 'settings', 'update', 'settings.update', 'Change system settings', 1),
(47, 'audit_logs', 'view', 'audit_logs.view', 'View audit logs', 0),
(50, 'grievances', 'view_all', 'grievances.view_all', 'View all grievances', 1),
(51, 'grievances', 'view_department', 'grievances.view_department', 'View grievances assigned to the user department', 1),
(52, 'grievances', 'review_new', 'grievances.review_new', 'Review newly submitted grievances', 1),
(53, 'grievances', 'assign', 'grievances.assign', 'Assign grievances', 1),
(54, 'grievances', 'reassign', 'grievances.reassign', 'Reassign grievances', 1),
(55, 'grievances', 'request_reassignment', 'grievances.request_reassignment', 'Request grievance reassignment', 1),
(56, 'grievances', 'update_status', 'grievances.update_status', 'Update grievance status', 1),
(57, 'grievances', 'add_notes', 'grievances.add_notes', 'Add grievance processing notes', 1),
(58, 'grievances', 'submit_resolution', 'grievances.submit_resolution', 'Submit grievance resolution', 1),
(59, 'grievances', 'approve_resolution', 'grievances.approve_resolution', 'Approve grievance resolution', 1),
(60, 'grievances', 'close', 'grievances.close', 'Close grievances', 1),
(62, 'departments', 'manage', 'departments.manage', 'Manage all department configuration', 1),
(63, 'departments', 'manage_limited', 'departments.manage_limited', 'Manage limited department configuration', 1),
(68, 'users', 'manage', 'users.manage', 'Manage all administrator users', 1),
(69, 'users', 'manage_limited', 'users.manage_limited', 'Manage Ministry User accounts only', 1),
(74, 'reports', 'view_all', 'reports.view_all', 'View all reports', 1),
(75, 'reports', 'view_operational', 'reports.view_operational', 'View operational reports', 1),
(76, 'reports', 'view_department', 'reports.view_department', 'View reports for the assigned department', 1),
(77, 'audit_logs', 'view_all', 'audit_logs.view_all', 'View all audit logs', 1),
(78, 'audit_logs', 'view_limited', 'audit_logs.view_limited', 'View audit logs excluding Super Admin activity', 1),
(79, 'audit_logs', 'view_own', 'audit_logs.view_own', 'View own audit activity', 1),
(80, 'audit_logs', 'export', 'audit_logs.export', 'Export audit logs', 1),
(149, 'dashboard_cards', 'view_total', 'dashboard.cards.total', 'View Total Grievances card', 1),
(150, 'dashboard_cards', 'view_new', 'dashboard.cards.new', 'View New Grievances card', 1),
(151, 'dashboard_cards', 'view_under_review', 'dashboard.cards.under_review', 'View Under Review card', 1),
(152, 'dashboard_cards', 'view_unassigned', 'dashboard.cards.unassigned', 'View Unassigned card', 1),
(153, 'dashboard_cards', 'view_assigned', 'dashboard.cards.assigned', 'View Assigned card', 1),
(154, 'dashboard_cards', 'view_in_progress', 'dashboard.cards.in_progress', 'View In Progress card', 1),
(155, 'dashboard_cards', 'view_pending_information', 'dashboard.cards.pending_information', 'View Pending Information card', 1),
(156, 'dashboard_cards', 'view_resolved', 'dashboard.cards.resolved', 'View Resolved card', 1),
(157, 'dashboard_cards', 'view_closed', 'dashboard.cards.closed', 'View Closed card', 1),
(158, 'dashboard_cards', 'view_overdue', 'dashboard.cards.overdue', 'View Overdue card', 1),
(159, 'dashboard_cards', 'view_high_priority', 'dashboard.cards.high_priority', 'View High-Priority Grievances card', 1),
(160, 'dashboard_cards', 'view_due_today', 'dashboard.cards.due_today', 'View Grievances Due Today card', 1),
(161, 'dashboard_charts', 'view_by_status', 'dashboard.charts.by_status', 'View Grievances by status chart', 1),
(162, 'dashboard_charts', 'view_by_department', 'dashboard.charts.by_department', 'View Grievances by department chart', 1),
(163, 'dashboard_charts', 'view_monthly_trend', 'dashboard.charts.monthly_trend', 'View Monthly grievance trend chart', 1),
(164, 'dashboard_charts', 'view_by_priority', 'dashboard.charts.by_priority', 'View Priority-wise grievance count chart', 1),
(165, 'dashboard_charts', 'view_open_vs_resolved', 'dashboard.charts.open_vs_resolved', 'View Open vs resolved grievances chart', 1),
(166, 'dashboard_charts', 'view_average_resolution_time', 'dashboard.charts.average_resolution_time', 'View Average resolution time chart', 1),
(167, 'dashboard_charts', 'view_overdue_by_department', 'dashboard.charts.overdue_by_department', 'View Overdue grievances by department chart', 1),
(252, 'settings_general', 'view', 'settings.general.view', 'View General Settings', 1),
(253, 'settings_general', 'update', 'settings.general.update', 'Update General Settings', 1),
(254, 'settings_general', 'reset', 'settings.general.reset', 'Restore default General Settings', 1),
(255, 'settings_general', 'history', 'settings.general.history', 'View General Settings change history', 1),
(260, 'settings_ticket_number', 'view', 'settings.ticket_number.view', 'View Ticket Number Format settings', 1),
(261, 'settings_ticket_number', 'update', 'settings.ticket_number.update', 'Update Ticket Number Format settings', 1),
(262, 'settings_ticket_number', 'reset', 'settings.ticket_number.reset', 'Reset the active ticket sequence', 1),
(263, 'settings_ticket_number', 'history', 'settings.ticket_number.history', 'View Ticket Number Format history', 1),
(264, 'configuration', 'manage_routing', 'configuration.routing.manage', 'Manage grievance routing rules', 1),
(265, 'configuration', 'manage_catalogs', 'configuration.catalogs.manage', 'Manage grievance catalogs and holidays', 1),
(266, 'grievances', 'extend_due_date', 'grievances.extend_due_date', 'Request or approve grievance due-date changes', 1),
(267, 'grievances', 'reopen', 'grievances.reopen', 'Reopen closed grievances', 1),
(268, 'configuration', 'manage_workflow', 'configuration.workflow.manage', 'Manage grievance statuses, priorities and transitions', 1),
(269, 'configuration', 'manage_departments', 'configuration.departments.manage', 'Manage grievance departments and category mappings', 1),
(294, 'notifications', 'view', 'notifications.view', 'View administrator notifications', 1),
(295, 'notifications', 'manage_templates', 'notifications.templates.manage', 'Manage notification templates', 1),
(296, 'reports', 'export', 'reports.export', 'Create and download report exports', 1),
(297, 'grievances', 'view_pii', 'grievances.view_pii', 'View unmasked citizen personal information', 1),
(320, 'dashboard_activity', 'view_recent', 'dashboard.activity.recent', 'View Recent grievance activity', 1),
(379, 'configuration', 'manage_form_options', 'configuration.form_options.manage', 'Manage grievance form choices', 1),
(382, 'configuration', 'manage_intake_classifications', 'configuration.intake_classifications.manage', 'Manage office intake classifications', 1)
ON DUPLICATE KEY UPDATE `module`=VALUES(`module`), `action`=VALUES(`action`), `permission_key`=VALUES(`permission_key`), `description`=VALUES(`description`), `is_active`=VALUES(`is_active`);

-- Seed: role_permissions
INSERT INTO `role_permissions` (`role_id`, `permission_id`) VALUES
(1, 1),
(1, 2),
(1, 3),
(1, 4),
(1, 5),
(1, 6),
(1, 7),
(1, 8),
(1, 9),
(1, 10),
(1, 11),
(1, 12),
(1, 13),
(1, 14),
(1, 15),
(1, 16),
(1, 17),
(1, 18),
(1, 19),
(1, 20),
(1, 21),
(1, 22),
(1, 23),
(1, 24),
(1, 25),
(1, 27),
(1, 28),
(1, 29),
(1, 30),
(1, 31),
(1, 32),
(1, 33),
(1, 34),
(1, 35),
(1, 36),
(1, 37),
(1, 38),
(1, 39),
(1, 40),
(1, 41),
(1, 42),
(1, 43),
(1, 44),
(1, 45),
(1, 46),
(1, 50),
(1, 51),
(1, 52),
(1, 53),
(1, 54),
(1, 55),
(1, 56),
(1, 57),
(1, 58),
(1, 59),
(1, 60),
(1, 62),
(1, 63),
(1, 68),
(1, 69),
(1, 74),
(1, 75),
(1, 76),
(1, 77),
(1, 78),
(1, 79),
(1, 80),
(1, 149),
(1, 150),
(1, 151),
(1, 152),
(1, 153),
(1, 154),
(1, 155),
(1, 156),
(1, 157),
(1, 158),
(1, 159),
(1, 160),
(1, 161),
(1, 162),
(1, 163),
(1, 164),
(1, 165),
(1, 166),
(1, 167),
(1, 252),
(1, 253),
(1, 254),
(1, 255),
(1, 260),
(1, 261),
(1, 262),
(1, 263),
(1, 264),
(1, 265),
(1, 266),
(1, 267),
(1, 268),
(1, 269),
(1, 294),
(1, 295),
(1, 296),
(1, 297),
(1, 320),
(1, 379),
(1, 382),
(2, 1),
(2, 10),
(2, 11),
(2, 12),
(2, 14),
(2, 18),
(2, 32),
(2, 33),
(2, 34),
(2, 36),
(2, 37),
(2, 38),
(2, 149),
(2, 150),
(2, 151),
(2, 152),
(2, 153),
(2, 154),
(2, 155),
(2, 156),
(2, 157),
(2, 158),
(2, 159),
(2, 160),
(2, 161),
(2, 162),
(2, 163),
(2, 164),
(2, 165),
(2, 166),
(2, 167),
(3, 1),
(3, 14),
(3, 15),
(3, 16),
(3, 18),
(3, 19),
(3, 20),
(3, 149),
(3, 150),
(3, 151),
(3, 152),
(3, 153),
(3, 154),
(3, 155),
(3, 156),
(3, 157),
(3, 158),
(3, 159),
(3, 160),
(3, 161),
(3, 162),
(3, 163),
(3, 164),
(3, 165),
(3, 166),
(3, 167),
(4, 1),
(4, 26),
(4, 27),
(4, 149),
(4, 150),
(4, 151),
(4, 152),
(4, 153),
(4, 154),
(4, 155),
(4, 156),
(4, 157),
(4, 158),
(4, 159),
(4, 160),
(4, 161),
(4, 162),
(4, 163),
(4, 164),
(4, 165),
(4, 166),
(4, 167),
(5, 1),
(5, 24),
(5, 25),
(5, 149),
(5, 150),
(5, 151),
(5, 152),
(5, 153),
(5, 154),
(5, 155),
(5, 156),
(5, 157),
(5, 158),
(5, 159),
(5, 160),
(5, 161),
(5, 162),
(5, 163),
(5, 164),
(5, 165),
(5, 166),
(5, 167),
(6, 1),
(6, 10),
(6, 14),
(6, 18),
(6, 24),
(6, 26),
(6, 32),
(6, 36),
(6, 149),
(6, 150),
(6, 151),
(6, 152),
(6, 153),
(6, 154),
(6, 155),
(6, 156),
(6, 157),
(6, 158),
(6, 159),
(6, 160),
(6, 161),
(6, 162),
(6, 163),
(6, 164),
(6, 165),
(6, 166),
(6, 167),
(7, 1),
(7, 50),
(7, 51),
(7, 52),
(7, 53),
(7, 54),
(7, 56),
(7, 57),
(7, 58),
(7, 59),
(7, 60),
(7, 75),
(7, 78),
(7, 149),
(7, 150),
(7, 151),
(7, 152),
(7, 153),
(7, 154),
(7, 155),
(7, 156),
(7, 157),
(7, 158),
(7, 159),
(7, 160),
(7, 161),
(7, 163),
(7, 164),
(7, 165),
(7, 166),
(7, 294),
(7, 296),
(8, 1),
(8, 51),
(8, 55),
(8, 56),
(8, 57),
(8, 58),
(8, 76),
(8, 79),
(8, 149),
(8, 150),
(8, 151),
(8, 152),
(8, 153),
(8, 154),
(8, 155),
(8, 156),
(8, 157),
(8, 158),
(8, 159),
(8, 160),
(8, 161),
(8, 162),
(8, 163),
(8, 164),
(8, 165),
(8, 166),
(8, 167),
(8, 294),
(8, 296)
ON DUPLICATE KEY UPDATE `role_id`=VALUES(`role_id`);

-- Seed: complaint_intake_classifications
INSERT INTO `complaint_intake_classifications` (`id`, `classification_key`, `name`, `help_text`, `sort_order`, `is_active`) VALUES
(1, 'level_1', 'Level 1', NULL, 10, 1),
(2, 'level_2', 'Level 2', NULL, 20, 1),
(3, 'level_3', 'Level 3', NULL, 30, 1),
(4, 'level_4', 'Level 4', NULL, 40, 1)
ON DUPLICATE KEY UPDATE `classification_key`=VALUES(`classification_key`), `name`=VALUES(`name`), `help_text`=VALUES(`help_text`), `sort_order`=VALUES(`sort_order`), `is_active`=VALUES(`is_active`);

-- Seed: complaint_statuses
INSERT INTO `complaint_statuses` (`id`, `status_key`, `name`, `reporting_group`, `notification_event`, `is_final`, `is_system`, `is_active`, `sort_order`) VALUES
(1, 'new', 'New', 'open', 'status_change', 0, 1, 1, 10),
(2, 'under_review', 'Under Review', 'open', 'status_change', 0, 1, 1, 20),
(3, 'in_progress', 'In Progress', 'open', 'status_change', 0, 1, 1, 30),
(4, 'pending_information', 'Pending Information', 'open', 'status_change', 0, 1, 1, 40),
(5, 'resolved', 'Resolved', 'resolved', 'resolution', 0, 1, 1, 50),
(6, 'closed', 'Closed', 'closed', 'closure', 1, 1, 1, 60),
(7, 'rejected', 'Rejected', 'rejected', 'status_change', 1, 1, 1, 70),
(8, 'duplicate', 'Duplicate', 'duplicate', 'status_change', 1, 1, 1, 80),
(9, 'returned', 'Returned', 'open', 'returned', 0, 1, 1, 45)
ON DUPLICATE KEY UPDATE `status_key`=VALUES(`status_key`), `name`=VALUES(`name`), `reporting_group`=VALUES(`reporting_group`), `notification_event`=VALUES(`notification_event`), `is_final`=VALUES(`is_final`), `is_system`=VALUES(`is_system`), `is_active`=VALUES(`is_active`), `sort_order`=VALUES(`sort_order`);

-- Seed: complaint_priorities
INSERT INTO `complaint_priorities` (`id`, `priority_key`, `name`, `is_high_priority`, `is_system`, `sort_order`, `is_active`) VALUES
(1, 'low', 'Low', 0, 1, 10, 1),
(2, 'medium', 'Medium', 0, 1, 20, 1),
(3, 'high', 'High', 1, 1, 30, 1),
(4, 'critical', 'Critical', 1, 1, 40, 1)
ON DUPLICATE KEY UPDATE `priority_key`=VALUES(`priority_key`), `name`=VALUES(`name`), `is_high_priority`=VALUES(`is_high_priority`), `is_system`=VALUES(`is_system`), `sort_order`=VALUES(`sort_order`), `is_active`=VALUES(`is_active`);

-- Seed: complaint_categories
INSERT INTO `complaint_categories` (`id`, `code`, `name`, `is_active`) VALUES
(1, 'SOCIAL_WELFARE', 'Social welfare or assistance', 1),
(2, 'CHILD_PROTECTION', 'Child protection services', 1),
(3, 'FAMILY_SUPPORT', 'Family support services', 1),
(4, 'GBV_RESPONSE', 'Gender-based violence response', 1),
(5, 'ELDERLY_SUPPORT', 'Elderly support services', 1),
(6, 'DISABILITY_SERVICES', 'Disability services', 1),
(7, 'STAFF_CONDUCT', 'Staff conduct or behaviour', 1),
(8, 'CORRUPTION', 'Corruption or unethical behaviour', 1),
(9, 'SERVICE_DELAYS', 'Service delays', 1),
(10, 'DISCRIMINATION', 'Discrimination', 1),
(11, 'POLICY', 'Policy implementation', 1),
(12, 'UNCATEGORIZED', 'Uncategorized', 1)
ON DUPLICATE KEY UPDATE `code`=VALUES(`code`), `name`=VALUES(`name`), `is_active`=VALUES(`is_active`);

-- Seed: complaint_locations
INSERT INTO `complaint_locations` (`id`, `code`, `name`, `is_active`) VALUES
(1, 'BELIZE', 'Belize', 1),
(2, 'CAYO', 'Cayo', 1),
(3, 'COROZAL', 'Corozal', 1),
(4, 'ORANGE_WALK', 'Orange Walk', 1),
(5, 'STANN_CREEK', 'Stann Creek', 1),
(6, 'TOLEDO', 'Toledo', 1)
ON DUPLICATE KEY UPDATE `code`=VALUES(`code`), `name`=VALUES(`name`), `is_active`=VALUES(`is_active`);

-- Seed: grievance_form_options
INSERT INTO `grievance_form_options` (`id`, `option_group`, `option_key`, `display_label`, `help_text`, `contact_requirement`, `sort_order`, `is_active`) VALUES
(1, 'assistance', 'spanish', 'Spanish', NULL, 'none', 10, 1),
(2, 'assistance', 'maya', 'Maya', 'Version in preparation', 'none', 20, 1),
(3, 'assistance', 'garifuna', 'Garifuna', 'Version in preparation', 'none', 30, 1),
(4, 'assistance', 'assisted_completion', 'Assisted completion', NULL, 'none', 40, 1),
(5, 'assistance', 'large_print', 'Large print', NULL, 'none', 50, 1),
(6, 'contact_preference', 'phone', 'Phone', NULL, 'phone', 10, 1),
(7, 'contact_preference', 'email', 'Email', NULL, 'email', 20, 1),
(8, 'contact_preference', 'mail', 'Mail', NULL, 'address', 30, 1),
(9, 'contact_preference', 'in_person', 'In person', NULL, 'none', 40, 1),
(10, 'contact_preference', 'whatsapp', 'WhatsApp', NULL, 'phone', 50, 1),
(11, 'submission_channel', 'in_person', 'In person', NULL, 'none', 10, 1),
(12, 'submission_channel', 'telephone', 'Telephone', NULL, 'none', 20, 1),
(13, 'submission_channel', 'email', 'Email', NULL, 'none', 30, 1),
(14, 'submission_channel', 'online_form', 'Online form', NULL, 'none', 40, 1),
(15, 'submission_channel', 'mail', 'Mail', NULL, 'none', 50, 1),
(16, 'submission_channel', 'whatsapp', 'WhatsApp', NULL, 'none', 60, 1),
(17, 'submission_channel', 'social_media', 'Social media', NULL, 'none', 70, 1),
(18, 'submission_channel', 'suggestion_box', 'Suggestion box', NULL, 'none', 80, 1),
(19, 'accommodation', 'sign_language', 'Sign language interpreter', NULL, 'none', 10, 1),
(20, 'accommodation', 'wheelchair', 'Wheelchair accessibility', NULL, 'none', 20, 1),
(21, 'accommodation', 'home_visit', 'Home visit due to mobility', NULL, 'none', 30, 1),
(22, 'accommodation', 'translation', 'Language translation', NULL, 'none', 40, 1)
ON DUPLICATE KEY UPDATE `option_group`=VALUES(`option_group`), `option_key`=VALUES(`option_key`), `display_label`=VALUES(`display_label`), `help_text`=VALUES(`help_text`), `contact_requirement`=VALUES(`contact_requirement`), `sort_order`=VALUES(`sort_order`), `is_active`=VALUES(`is_active`);

-- Seed: department_category_mappings
INSERT INTO `department_category_mappings` (`department_id`, `category_id`, `is_active`) VALUES
(1, 1, 1),
(1, 2, 1),
(1, 3, 1),
(1, 4, 1),
(1, 5, 1),
(1, 6, 1),
(1, 7, 1),
(1, 8, 1),
(1, 9, 1),
(1, 10, 1),
(1, 11, 1),
(1, 12, 1),
(2, 1, 1),
(2, 2, 1),
(2, 3, 1),
(2, 4, 1),
(2, 5, 1),
(2, 6, 1),
(2, 7, 1),
(2, 8, 1),
(2, 9, 1),
(2, 10, 1),
(2, 11, 1),
(2, 12, 1),
(3, 1, 1),
(3, 2, 1),
(3, 3, 1),
(3, 4, 1),
(3, 5, 1),
(3, 6, 1),
(3, 7, 1),
(3, 8, 1),
(3, 9, 1),
(3, 10, 1),
(3, 11, 1),
(3, 12, 1),
(4, 1, 1),
(4, 2, 1),
(4, 3, 1),
(4, 4, 1),
(4, 5, 1),
(4, 6, 1),
(4, 7, 1),
(4, 8, 1),
(4, 9, 1),
(4, 10, 1),
(4, 11, 1),
(4, 12, 1),
(5, 1, 1),
(5, 2, 1),
(5, 3, 1),
(5, 4, 1),
(5, 5, 1),
(5, 6, 1),
(5, 7, 1),
(5, 8, 1),
(5, 9, 1),
(5, 10, 1),
(5, 11, 1),
(5, 12, 1),
(6, 1, 1),
(6, 2, 1),
(6, 3, 1),
(6, 4, 1),
(6, 5, 1),
(6, 6, 1),
(6, 7, 1),
(6, 8, 1),
(6, 9, 1),
(6, 10, 1),
(6, 11, 1),
(6, 12, 1)
ON DUPLICATE KEY UPDATE `is_active`=VALUES(`is_active`);

-- Seed: workflow_transitions
INSERT INTO `workflow_transitions` (`id`, `from_status_id`, `to_status_id`, `is_active`) VALUES
(1, 5, 6, 1),
(2, 1, 8, 1),
(3, 2, 8, 1),
(4, 6, 3, 1),
(5, 4, 3, 1),
(6, 5, 3, 1),
(7, 9, 3, 1),
(8, 2, 3, 1),
(9, 3, 4, 1),
(10, 1, 7, 1),
(11, 2, 7, 1),
(12, 3, 5, 1),
(13, 4, 5, 1),
(14, 9, 5, 1),
(15, 3, 9, 1),
(16, 5, 9, 1),
(17, 2, 9, 1),
(18, 1, 2, 1)
ON DUPLICATE KEY UPDATE `is_active`=VALUES(`is_active`);

-- Seed: notification_templates
INSERT INTO `notification_templates` (`id`, `event_type`, `channel`, `name`, `subject_template`, `body_template`, `is_active`) VALUES
(1, 'submission', 'email', 'Submission acknowledgement', 'Grievance {{ticketNumber}} received', 'Your grievance {{ticketNumber}} has been received. {{acknowledgementMessage}}.', 1),
(2, 'submission', 'dashboard', 'New grievance', NULL, 'New grievance {{ticketNumber}} was submitted.', 1),
(3, 'assignment', 'email', 'Assignment notification', 'Grievance {{ticketNumber}} assigned', 'Grievance {{ticketNumber}} has been assigned to {{departmentName}}.', 1),
(4, 'assignment', 'dashboard', 'Assignment notification', NULL, 'Grievance {{ticketNumber}} was assigned to {{departmentName}}.', 1),
(5, 'due_reminder', 'email', 'Due date reminder', 'Grievance {{ticketNumber}} is due soon', 'Grievance {{ticketNumber}} is due on {{dueAt}}.', 1),
(6, 'due_reminder', 'dashboard', 'Due date reminder', NULL, 'Grievance {{ticketNumber}} is due on {{dueAt}}.', 1),
(7, 'overdue', 'email', 'Overdue grievance', 'Grievance {{ticketNumber}} is overdue', 'Grievance {{ticketNumber}} is overdue.', 1),
(8, 'overdue', 'dashboard', 'Overdue grievance', NULL, 'Grievance {{ticketNumber}} is overdue.', 1),
(9, 'resolution', 'dashboard', 'Resolution submitted', NULL, 'A resolution was submitted for grievance {{ticketNumber}}.', 1),
(10, 'returned', 'email', 'Resolution returned', 'Resolution returned for {{ticketNumber}}', 'The resolution for grievance {{ticketNumber}} was returned for further work.', 1),
(11, 'returned', 'dashboard', 'Resolution returned', NULL, 'The resolution for grievance {{ticketNumber}} was returned.', 1),
(12, 'status_change', 'email', 'Status change', 'Grievance {{ticketNumber}} status updated', 'The status of grievance {{ticketNumber}} is now {{status}}.', 1),
(13, 'closure', 'email', 'Grievance closed', 'Grievance {{ticketNumber}} closed', 'Grievance {{ticketNumber}} has been closed.', 1),
(14, 'closure', 'dashboard', 'Grievance closed', NULL, 'Grievance {{ticketNumber}} was closed.', 1)
ON DUPLICATE KEY UPDATE `event_type`=VALUES(`event_type`), `channel`=VALUES(`channel`), `name`=VALUES(`name`), `subject_template`=VALUES(`subject_template`), `body_template`=VALUES(`body_template`), `is_active`=VALUES(`is_active`);

-- Seed: system_settings
INSERT INTO `system_settings` (`id`, `setting_group`, `setting_key`, `setting_value`, `value_type`, `is_public`, `is_encrypted`) VALUES
(1, 'organization', 'organization.organizationName', 'Ministry of Human Development, Family Support and Gender Affairs', 'string', 1, 0),
(2, 'organization', 'organization.portalName', 'GRM Portal', 'string', 1, 0),
(3, 'organization', 'organization.organizationShortName', 'MHD', 'string', 1, 0),
(4, 'organization', 'organization.logo', '', 'file', 1, 0),
(5, 'organization', 'organization.favicon', '', 'file', 1, 0),
(6, 'organization', 'organization.officialEmail', 'senior.secretary@humandev.gov.bz', 'email', 1, 0),
(7, 'organization', 'organization.officialPhone', '+501-822-2246', 'string', 1, 0),
(8, 'organization', 'organization.websiteUrl', '', 'url', 1, 0),
(9, 'organization', 'organization.officeAddress', 'Ministry of Human Development Headquarters West Block, Independence Plaza, Belmopan', 'string', 1, 0),
(10, 'organization', 'organization.country', 'Belize', 'string', 1, 0),
(11, 'organization', 'organization.defaultLocation', 'Belize City', 'string', 1, 0),
(12, 'organization', 'organization.settingsUploadMaxKb', '2048', 'number', 0, 0),
(13, 'portal', 'portal.portalTitle', 'Grievance Redress Management Portal', 'string', 1, 0),
(14, 'portal', 'portal.portalSubtitle', 'Submit, track, and resolve grievances transparently', 'string', 1, 0),
(15, 'portal', 'portal.defaultLanguage', 'English', 'string', 1, 0),
(16, 'portal', 'portal.dateFormat', 'DD/MM/YYYY', 'string', 1, 0),
(17, 'portal', 'portal.timeFormat', '12 Hour', 'string', 1, 0),
(18, 'portal', 'portal.timeZone', 'America/Belize', 'string', 1, 0),
(19, 'portal', 'portal.recordsPerPage', '25', 'number', 0, 0),
(20, 'portal', 'portal.defaultDashboardPeriod', 'Last 30 Days', 'string', 0, 0),
(21, 'portal', 'portal.maintenanceMode', '0', 'boolean', 1, 0),
(22, 'portal', 'portal.maintenanceMessage', 'The GRM Portal is temporarily unavailable while scheduled maintenance is completed.', 'string', 1, 0),
(23, 'grievanceSubmission', 'grievanceSubmission.allowPublicSubmission', '1', 'boolean', 1, 0),
(24, 'grievanceSubmission', 'grievanceSubmission.allowAnonymousComplaints', '1', 'boolean', 1, 0),
(26, 'grievanceSubmission', 'grievanceSubmission.mobileNumberRequired', '1', 'boolean', 1, 0),
(27, 'grievanceSubmission', 'grievanceSubmission.emailAddressRequired', '0', 'boolean', 1, 0),
(28, 'grievanceSubmission', 'grievanceSubmission.identificationNumberRequired', '0', 'boolean', 1, 0),
(29, 'grievanceSubmission', 'grievanceSubmission.allowCitizenDepartmentSelection', '1', 'boolean', 1, 0),
(30, 'grievanceSubmission', 'grievanceSubmission.allowCitizenCategorySelection', '1', 'boolean', 1, 0),
(31, 'grievanceSubmission', 'grievanceSubmission.allowMultipleAttachments', '1', 'boolean', 1, 0),
(32, 'grievanceSubmission', 'grievanceSubmission.maximumAttachmentSizeMb', '5', 'number', 1, 0),
(33, 'grievanceSubmission', 'grievanceSubmission.allowedFileTypes', '[\"PDF\",\"JPG\",\"JPEG\",\"PNG\",\"DOC\",\"DOCX\"]', 'json', 1, 0),
(34, 'grievanceSubmission', 'grievanceSubmission.maximumDescriptionLength', '5000', 'number', 1, 0),
(35, 'grievanceSubmission', 'grievanceSubmission.enableCaptcha', '0', 'boolean', 1, 0),
(36, 'grievanceSubmission', 'grievanceSubmission.displayDeclarationCheckbox', '1', 'boolean', 1, 0),
(37, 'grievanceSubmission', 'grievanceSubmission.declarationText', 'I confirm that the information provided is true and complete to the best of my knowledge.', 'string', 1, 0),
(42, 'ticket', 'ticket.displayTicketOnConfirmation', '1', 'boolean', 1, 0),
(43, 'ticket', 'ticket.sendSubmissionAcknowledgement', '1', 'boolean', 0, 0),
(44, 'ticket', 'ticket.acknowledgementMessage', 'Your grievance has been received. Keep your ticket number for future tracking.', 'string', 1, 0),
(45, 'ticket', 'ticket.allowPublicTicketTracking', '1', 'boolean', 1, 0),
(46, 'ticket', 'ticket.trackingVerificationMethod', 'Ticket Number and Phone Number', 'string', 1, 0),
(47, 'assignment', 'assignment.defaultAssignmentMethod', 'Manual', 'string', 0, 0),
(48, 'assignment', 'assignment.allowAdminAssignment', '1', 'boolean', 0, 0),
(49, 'assignment', 'assignment.allowDepartmentReassignmentRequest', '1', 'boolean', 0, 0),
(50, 'assignment', 'assignment.allowDirectDepartmentReassignment', '0', 'boolean', 0, 0),
(51, 'assignment', 'assignment.departmentOfficerSelectionRequired', '0', 'boolean', 0, 0),
(52, 'assignment', 'assignment.internalAssignmentNoteRequired', '0', 'boolean', 0, 0),
(53, 'assignment', 'assignment.defaultAssignmentPriority', 'medium', 'string', 0, 0),
(54, 'assignment', 'assignment.notifyDepartmentOnAssignment', '1', 'boolean', 0, 0),
(55, 'dueDate', 'dueDate.dueDateRequired', '1', 'boolean', 0, 0),
(56, 'dueDate', 'dueDate.defaultResolutionDays', '15', 'number', 0, 0),
(57, 'dueDate', 'dueDate.countWorkingDaysOnly', '1', 'boolean', 0, 0),
(58, 'dueDate', 'dueDate.excludePublicHolidays', '1', 'boolean', 0, 0),
(59, 'dueDate', 'dueDate.dueDateReminderDays', '3', 'number', 0, 0),
(60, 'dueDate', 'dueDate.automaticallyMarkOverdue', '1', 'boolean', 0, 0),
(61, 'dueDate', 'dueDate.allowDepartmentChangeDueDate', '0', 'boolean', 0, 0),
(62, 'dueDate', 'dueDate.adminApprovalDueDateExtension', '1', 'boolean', 0, 0),
(63, 'dueDate', 'dueDate.enableEscalation', '1', 'boolean', 0, 0),
(64, 'dueDate', 'dueDate.escalateAfterDays', '2', 'number', 0, 0),
(65, 'workflow', 'workflow.defaultNewGrievanceStatus', 'new', 'string', 0, 0),
(66, 'workflow', 'workflow.adminReviewRequired', '1', 'boolean', 0, 0),
(67, 'workflow', 'workflow.departmentAcceptanceRequired', '1', 'boolean', 0, 0),
(68, 'workflow', 'workflow.adminApprovalBeforeClosure', '1', 'boolean', 0, 0),
(69, 'workflow', 'workflow.allowReopening', '1', 'boolean', 0, 0),
(70, 'workflow', 'workflow.reopenPermission', 'Super Admin and Admin', 'string', 0, 0),
(71, 'workflow', 'workflow.requireCommentOnStatusChange', '1', 'boolean', 0, 0),
(72, 'workflow', 'workflow.requireResolutionDocument', '0', 'boolean', 0, 0),
(73, 'workflow', 'workflow.autoCloseResolvedGrievances', '0', 'boolean', 0, 0),
(74, 'workflow', 'workflow.autoCloseAfterDays', '7', 'number', 0, 0),
(75, 'notifications', 'notifications.enableEmailNotifications', '1', 'boolean', 0, 0),
(76, 'notifications', 'notifications.enableDashboardNotifications', '1', 'boolean', 0, 0),
(79, 'notifications', 'notifications.notifySuperAdminNewGrievance', '1', 'boolean', 0, 0),
(80, 'notifications', 'notifications.notifyAdminNewGrievance', '1', 'boolean', 0, 0),
(81, 'notifications', 'notifications.notifyDepartmentOnAssignment', '1', 'boolean', 0, 0),
(82, 'notifications', 'notifications.notifyCitizenStatusChange', '1', 'boolean', 0, 0),
(83, 'notifications', 'notifications.notifyDueDateReminder', '1', 'boolean', 0, 0),
(84, 'notifications', 'notifications.notifyOverdueGrievance', '1', 'boolean', 0, 0),
(85, 'notifications', 'notifications.notifyAdminResolutionSubmission', '1', 'boolean', 0, 0),
(86, 'notifications', 'notifications.notifyDepartmentResolutionReturned', '1', 'boolean', 0, 0),
(87, 'notifications', 'notifications.notifyCitizenGrievanceClosed', '1', 'boolean', 0, 0),
(88, 'security', 'security.minimumPasswordLength', '8', 'number', 0, 0),
(89, 'security', 'security.requireUppercase', '1', 'boolean', 0, 0),
(90, 'security', 'security.requireLowercase', '1', 'boolean', 0, 0),
(91, 'security', 'security.requireNumber', '1', 'boolean', 0, 0),
(92, 'security', 'security.requireSpecialCharacter', '1', 'boolean', 0, 0),
(93, 'security', 'security.passwordExpiryDays', '90', 'number', 0, 0),
(94, 'security', 'security.maximumLoginAttempts', '5', 'number', 0, 0),
(95, 'security', 'security.accountLockDurationMinutes', '30', 'number', 0, 0),
(96, 'security', 'security.sessionTimeoutMinutes', '60', 'number', 0, 0),
(97, 'security', 'security.forcePasswordChangeFirstLogin', '0', 'boolean', 0, 0),
(98, 'security', 'security.enableTwoFactorAuthentication', '0', 'boolean', 0, 0),
(99, 'security', 'security.restrictConcurrentLogin', '0', 'boolean', 0, 0),
(101, 'privacy', 'privacy.privacyNotice', 'We collect only the information required to receive, investigate, and resolve grievances.', 'string', 1, 0),
(102, 'privacy', 'privacy.termsAndConditions', 'By using this portal, you agree to provide accurate information and use the service lawfully.', 'string', 1, 0),
(103, 'privacy', 'privacy.citizenConsentRequired', '1', 'boolean', 1, 0),
(104, 'privacy', 'privacy.maskIdentificationNumber', '1', 'boolean', 0, 0),
(105, 'privacy', 'privacy.maskCitizenPhoneNumber', '1', 'boolean', 0, 0),
(106, 'privacy', 'privacy.dataRetentionMonths', '84', 'number', 0, 0),
(107, 'privacy', 'privacy.allowGrievanceExport', '1', 'boolean', 0, 0),
(108, 'privacy', 'privacy.allowAttachmentDownload', '1', 'boolean', 0, 0),
(109, 'privacy', 'privacy.publicTrackingDataVisibility', '[\"Ticket Number\",\"Submission Date\",\"Assigned Department\",\"Current Status\",\"Last Updated Date\"]', 'json', 1, 0),
(110, 'dashboard', 'dashboard.showTotalGrievances', '1', 'boolean', 0, 0),
(111, 'dashboard', 'dashboard.showNewGrievances', '1', 'boolean', 0, 0),
(112, 'dashboard', 'dashboard.showUnassignedGrievances', '1', 'boolean', 0, 0),
(113, 'dashboard', 'dashboard.showInProgressGrievances', '1', 'boolean', 0, 0),
(114, 'dashboard', 'dashboard.showResolvedGrievances', '1', 'boolean', 0, 0),
(115, 'dashboard', 'dashboard.showOverdueGrievances', '1', 'boolean', 0, 0),
(116, 'dashboard', 'dashboard.showStatusDistributionChart', '1', 'boolean', 0, 0),
(117, 'dashboard', 'dashboard.showMonthlyTrendChart', '1', 'boolean', 0, 0),
(118, 'dashboard', 'dashboard.showDepartmentProgress', '1', 'boolean', 0, 0),
(119, 'dashboard', 'dashboard.showRecentActivity', '1', 'boolean', 0, 0),
(120, 'dashboard', 'dashboard.showHighPriorityCases', '1', 'boolean', 0, 0),
(121, 'dashboard', 'dashboard.showDueTodayPanel', '1', 'boolean', 0, 0),
(122, 'reports', 'reports.defaultReportFormat', 'PDF', 'string', 0, 0),
(123, 'reports', 'reports.reportHeaderTitle', 'GRM Portal Grievance Report', 'string', 0, 0),
(124, 'reports', 'reports.showOrganizationLogo', '1', 'boolean', 0, 0),
(125, 'reports', 'reports.showGeneratedBy', '1', 'boolean', 0, 0),
(126, 'reports', 'reports.showGeneratedDate', '1', 'boolean', 0, 0),
(127, 'reports', 'reports.allowAdminExport', '1', 'boolean', 0, 0),
(128, 'reports', 'reports.allowMinistryExport', '0', 'boolean', 0, 0),
(129, 'reports', 'reports.maximumExportRecords', '10000', 'number', 0, 0),
(130, 'reports', 'reports.includeCitizenDetails', '1', 'boolean', 0, 0),
(131, 'reports', 'reports.maskSensitiveDataInReports', '1', 'boolean', 0, 0),
(132, 'footer', 'footer.footerText', 'Government of Belize · Grievance Redress Management Portal', 'string', 1, 0),
(133, 'footer', 'footer.copyrightYear', '2026', 'number', 1, 0),
(134, 'footer', 'footer.supportEmail', 'senior.secretary@humandev.gov.bz', 'email', 1, 0),
(135, 'footer', 'footer.supportPhone', '+501-822-2246', 'string', 1, 0),
(136, 'footer', 'footer.helpdeskWorkingHours', 'Monday to Friday, 8:00 AM–5:00 PM', 'string', 1, 0),
(137, 'footer', 'footer.userGuideUrl', '', 'url', 1, 0),
(138, 'footer', 'footer.privacyPolicyUrl', 'http://localhost:5173/privacy-policy', 'url', 1, 0),
(139, 'footer', 'footer.termsConditionsUrl', 'http://localhost:5173/terms-and-conditions', 'url', 1, 0),
(311, 'grievanceSubmission', 'grievanceSubmission.maximumAttachmentCount', '3', 'number', 1, 0),
(545, 'workflow', 'workflow.resolutionDocumentMaximumSizeMb', '5', 'number', 0, 0),
(547, 'workflow', 'workflow.resolutionDocumentAllowedFileTypes', '[\"PDF\",\"JPG\",\"JPEG\",\"PNG\",\"DOC\",\"DOCX\"]', 'json', 0, 0),
(549, 'organization', 'organization.officialPhoneLabel', '24/7 Emergency & Social Services Hotline', 'string', 1, 0),
(550, 'email', 'email.subjectPrefix', '', 'string', 0, 0),
(551, 'email', 'email.replyToAddress', '', 'email', 0, 0),
(552, 'email', 'email.footerText', '', 'string', 0, 0)
ON DUPLICATE KEY UPDATE `setting_group`=VALUES(`setting_group`), `setting_key`=VALUES(`setting_key`), `setting_value`=VALUES(`setting_value`), `value_type`=VALUES(`value_type`), `is_public`=VALUES(`is_public`), `is_encrypted`=VALUES(`is_encrypted`);

-- Seed: ticket_number_settings
INSERT INTO `ticket_number_settings` (`id`, `auto_generate`, `ticket_prefix`, `ticket_format`, `separator`, `letter_case`, `include_year`, `year_format`, `include_month`, `include_day`, `include_department_code`, `include_location_code`, `include_category_code`, `sequence_length`, `starting_sequence`, `sequence_reset`, `sequence_padding`) VALUES
(1, 1, 'GRM', '{PREFIX}-{YEAR}-{SEQUENCE}', '-', 'uppercase', 1, 'four_digit', 0, 0, 0, 0, 0, 6, 1, 'yearly', 1)
ON DUPLICATE KEY UPDATE `auto_generate`=VALUES(`auto_generate`), `ticket_prefix`=VALUES(`ticket_prefix`), `ticket_format`=VALUES(`ticket_format`), `separator`=VALUES(`separator`), `letter_case`=VALUES(`letter_case`), `include_year`=VALUES(`include_year`), `year_format`=VALUES(`year_format`), `include_month`=VALUES(`include_month`), `include_day`=VALUES(`include_day`), `include_department_code`=VALUES(`include_department_code`), `include_location_code`=VALUES(`include_location_code`), `include_category_code`=VALUES(`include_category_code`), `sequence_length`=VALUES(`sequence_length`), `starting_sequence`=VALUES(`starting_sequence`), `sequence_reset`=VALUES(`sequence_reset`), `sequence_padding`=VALUES(`sequence_padding`);

-- This baseline already contains the result of the known migration chain.
INSERT IGNORE INTO `schema_migrations` (`migration_key`) VALUES
('2026-07-16-dashboard-widget-permissions-v1'),
('2026-07-16-dashboard-widget-permissions-v2'),
('20260720-role-permissions'),
('20260615-two-factor'),
('20260720-complaints-foundation'),
('20260720-audit-logs'),
('20260720-profile-photo'),
('20260720-general-settings'),
('20260720-ticket-number'),
('20260720-runtime-settings'),
('20260720-grievance-lifecycle'),
('20260720-operational-runtime'),
('20260721-master-data'),
('20260722-grievance-form-options'),
('20260723-attachment-policy'),
('20260724-due-date-policy'),
('20260725-site-directory'),
('20260726-email-identity'),
('20260727-complaint-enum-normalization'),
('20260728-schema-contract-repair')
;
SET FOREIGN_KEY_CHECKS = @GRM_OLD_FOREIGN_KEY_CHECKS;
